idna_subject,checker_type,destination,source,tested_at,session_id
a1.adstore.jp,AVAILABILITY,domains.list,domains.list,2026-09-28 18:37:46.920484+00:00,34ec1ab9c06fd6bfbf59b198
aax-eu.amazon-adsystem.com,AVAILABILITY,domains.list,domains.list,2026-09-28 18:37:47.215417+00:00,34ec1ab9c06fd6bfbf59b198
ac24horas.com,AVAILABILITY,domains.list,domains.list,2026-09-28 18:37:47.922141+00:00,34ec1ab9c06fd6bfbf59b198
acceptable.a-ads.com,AVAILABILITY,domains.list,domains.list,2026-09-28 18:37:48.682473+00:00,34ec1ab9c06fd6bfbf59b198
acdn.adnxs.com,AVAILABILITY,domains.list,domains.list,2026-09-28 18:37:48.879660+00:00,34ec1ab9c06fd6bfbf59b198
ad-cdn.technoratimedia.com,AVAILABILITY,domains.list,domains.list,2026-09-28 18:37:49.371969+00:00,34ec1ab9c06fd6bfbf59b198
ad.aniu.tv,AVAILABILITY,domains.list,domains.list,2026-09-28 18:37:49.700437+00:00,34ec1ab9c06fd6bfbf59b198
ad.investmap.pl,AVAILABILITY,domains.list,domains.list,2026-09-28 18:37:50.479618+00:00,34ec1ab9c06fd6bfbf59b198
ad.mds.lv,AVAILABILITY,domains.list,domains.list,2026-09-28 18:37:52.310090+00:00,34ec1ab9c06fd6bfbf59b198
ad.zfk.de,AVAILABILITY,domains.list,domains.list,2026-09-28 18:38:14.003957+00:00,34ec1ab9c06fd6bfbf59b198
adc-ad-assets.adtilt.com,AVAILABILITY,domains.list,domains.list,2026-09-28 18:38:15.264872+00:00,34ec1ab9c06fd6bfbf59b198
ade.googlesyndication.com,AVAILABILITY,domains.list,domains.list,2026-09-28 18:38:15.897598+00:00,34ec1ab9c06fd6bfbf59b198
admanager.uptodown.com,AVAILABILITY,domains.list,domains.list,2026-09-28 18:38:16.656947+00:00,34ec1ab9c06fd6bfbf59b198
adnxs.com,AVAILABILITY,domains.list,domains.list,2026-09-28 18:38:16.839202+00:00,34ec1ab9c06fd6bfbf59b198
ads-eu.amillionads.com,AVAILABILITY,domains.list,domains.list,2026-09-28 18:38:17.199925+00:00,34ec1ab9c06fd6bfbf59b198
ads.4x4brasil.com.br,AVAILABILITY,domains.list,domains.list,2026-09-28 18:38:17.558812+00:00,34ec1ab9c06fd6bfbf59b198
ads.a2epub.com,AVAILABILITY,domains.list,domains.list,2026-09-28 18:38:38.253831+00:00,34ec1ab9c06fd6bfbf59b198
ads.adsolut.in,AVAILABILITY,domains.list,domains.list,2026-09-28 18:38:40.009321+00:00,34ec1ab9c06fd6bfbf59b198
ads.catmedia.cat,AVAILABILITY,domains.list,domains.list,2026-09-28 18:38:42.733149+00:00,34ec1ab9c06fd6bfbf59b198
ads.citymagazine.rs,AVAILABILITY,domains.list,domains.list,2026-09-28 18:39:03.104340+00:00,34ec1ab9c06fd6bfbf59b198
ads.ck101.com,AVAILABILITY,domains.list,domains.list,2026-09-28 18:39:03.506744+00:00,34ec1ab9c06fd6bfbf59b198
ads.d3corp.com,AVAILABILITY,domains.list,domains.list,2026-09-28 18:39:03.786659+00:00,34ec1ab9c06fd6bfbf59b198
ads.diariodehuelva.es,AVAILABILITY,domains.list,domains.list,2026-09-28 18:39:04.186395+00:00,34ec1ab9c06fd6bfbf59b198
ads.directa.cat,AVAILABILITY,domains.list,domains.list,2026-09-28 18:39:05.144963+00:00,34ec1ab9c06fd6bfbf59b198
ads.easyodds.com,AVAILABILITY,domains.list,domains.list,2026-09-28 18:39:05.573321+00:00,34ec1ab9c06fd6bfbf59b198
ads.fakulteti.mk,AVAILABILITY,domains.list,domains.list,2026-09-28 18:39:07.698090+00:00,34ec1ab9c06fd6bfbf59b198
ads.femmexpat.net,AVAILABILITY,domains.list,domains.list,2026-09-28 18:39:08.361513+00:00,34ec1ab9c06fd6bfbf59b198
ads.gogovest.com,AVAILABILITY,domains.list,domains.list,2026-09-28 18:39:08.697056+00:00,34ec1ab9c06fd6bfbf59b198
ads.inselradio.com,AVAILABILITY,domains.list,domains.list,2026-09-28 18:39:09.669332+00:00,34ec1ab9c06fd6bfbf59b198
ads.kafepauza.mk,AVAILABILITY,domains.list,domains.list,2026-09-28 18:39:11.282649+00:00,34ec1ab9c06fd6bfbf59b198
ads.khoahocdoisong.vn,AVAILABILITY,domains.list,domains.list,2026-09-28 18:39:13.202095+00:00,34ec1ab9c06fd6bfbf59b198
ads.motorgraph.com,AVAILABILITY,domains.list,domains.list,2026-09-28 18:39:14.382987+00:00,34ec1ab9c06fd6bfbf59b198
ads.mygc.com.au,AVAILABILITY,domains.list,domains.list,2026-09-28 18:39:34.712353+00:00,34ec1ab9c06fd6bfbf59b198
ads.newsbook.com.mt,AVAILABILITY,domains.list,domains.list,2026-09-28 18:39:35.643391+00:00,34ec1ab9c06fd6bfbf59b198
ads.performanceracing.com,AVAILABILITY,domains.list,domains.list,2026-09-28 18:39:36.024339+00:00,34ec1ab9c06fd6bfbf59b198
ads.press24.mk,AVAILABILITY,domains.list,domains.list,2026-09-28 18:40:00.145409+00:00,34ec1ab9c06fd6bfbf59b198
ads.samartdigitalmedia.com,AVAILABILITY,domains.list,domains.list,2026-09-28 18:40:01.093847+00:00,34ec1ab9c06fd6bfbf59b198
ads.tirabol.cat,AVAILABILITY,domains.list,domains.list,2026-09-28 18:40:22.760385+00:00,34ec1ab9c06fd6bfbf59b198
ads.tuniscope.com,AVAILABILITY,domains.list,domains.list,2026-09-28 18:40:23.048394+00:00,34ec1ab9c06fd6bfbf59b198
ads.uh.ro,AVAILABILITY,domains.list,domains.list,2026-09-28 18:40:43.765363+00:00,34ec1ab9c06fd6bfbf59b198
ads.zilesinopti.ro,AVAILABILITY,domains.list,domains.list,2026-09-28 18:41:04.678613+00:00,34ec1ab9c06fd6bfbf59b198
ads1.knxs.net,AVAILABILITY,domains.list,domains.list,2026-09-28 18:41:06.034402+00:00,34ec1ab9c06fd6bfbf59b198
ads2.epsilonnet.gr,AVAILABILITY,domains.list,domains.list,2026-09-28 18:41:07.613730+00:00,34ec1ab9c06fd6bfbf59b198
ads2.focus-news.net,AVAILABILITY,domains.list,domains.list,2026-09-28 18:41:07.905996+00:00,34ec1ab9c06fd6bfbf59b198
ads2.jenite.bg,AVAILABILITY,domains.list,domains.list,2026-09-28 18:41:08.326910+00:00,34ec1ab9c06fd6bfbf59b198
ads5.matichon.co.th,AVAILABILITY,domains.list,domains.list,2026-09-28 18:41:11.216661+00:00,34ec1ab9c06fd6bfbf59b198
adserver.automobilwoche.de,AVAILABILITY,domains.list,domains.list,2026-09-28 18:41:31.518358+00:00,34ec1ab9c06fd6bfbf59b198
adserver.diariodosertao.com.br,AVAILABILITY,domains.list,domains.list,2026-09-28 18:41:33.347418+00:00,34ec1ab9c06fd6bfbf59b198
adserver.krankenkassennetz.de,AVAILABILITY,domains.list,domains.list,2026-09-28 18:41:53.727889+00:00,34ec1ab9c06fd6bfbf59b198
adserver.lenouvelliste.com,AVAILABILITY,domains.list,domains.list,2026-09-28 18:41:54.634727+00:00,34ec1ab9c06fd6bfbf59b198
adserver.logisticaprofesional.com,AVAILABILITY,domains.list,domains.list,2026-09-28 18:41:56.122471+00:00,34ec1ab9c06fd6bfbf59b198
adserver.wolterskluwer.pl,AVAILABILITY,domains.list,domains.list,2026-09-28 18:41:58.511276+00:00,34ec1ab9c06fd6bfbf59b198
adserverhd.com,AVAILABILITY,domains.list,domains.list,2026-09-28 18:42:18.888230+00:00,34ec1ab9c06fd6bfbf59b198
adservice.google.com.au,AVAILABILITY,domains.list,domains.list,2026-09-28 18:42:19.218323+00:00,34ec1ab9c06fd6bfbf59b198
adstdg.net,AVAILABILITY,domains.list,domains.list,2026-09-28 18:42:19.466592+00:00,34ec1ab9c06fd6bfbf59b198
adtrackers.net,AVAILABILITY,domains.list,domains.list,2026-09-28 18:42:20.039992+00:00,34ec1ab9c06fd6bfbf59b198
adx.ephoto.sk,AVAILABILITY,domains.list,domains.list,2026-09-28 18:42:21.908113+00:00,34ec1ab9c06fd6bfbf59b198
analytics.ff.avast.com,AVAILABILITY,domains.list,domains.list,2026-09-28 18:42:22.481484+00:00,34ec1ab9c06fd6bfbf59b198
analytics.kidoz.net,AVAILABILITY,domains.list,domains.list,2026-09-28 18:42:22.775194+00:00,34ec1ab9c06fd6bfbf59b198
analytics.plex.tv,AVAILABILITY,domains.list,domains.list,2026-09-28 18:42:23.254336+00:00,34ec1ab9c06fd6bfbf59b198
analytics.servogram.io,AVAILABILITY,domains.list,domains.list,2026-09-28 18:42:23.743768+00:00,34ec1ab9c06fd6bfbf59b198
ancestry.siteintercept.qualtrics.com,AVAILABILITY,domains.list,domains.list,2026-09-28 18:42:24.286789+00:00,34ec1ab9c06fd6bfbf59b198
api-lytics.macpaw.com,AVAILABILITY,domains.list,domains.list,2026-09-28 18:42:24.727120+00:00,34ec1ab9c06fd6bfbf59b198
api.amplitude.com,AVAILABILITY,domains.list,domains.list,2026-09-28 18:42:25.225262+00:00,34ec1ab9c06fd6bfbf59b198
api.branch.io,AVAILABILITY,domains.list,domains.list,2026-09-28 18:42:25.578821+00:00,34ec1ab9c06fd6bfbf59b198
api.privy.com,AVAILABILITY,domains.list,domains.list,2026-09-28 18:42:26.315339+00:00,34ec1ab9c06fd6bfbf59b198
api.redshell.io,AVAILABILITY,domains.list,domains.list,2026-09-28 18:42:28.247865+00:00,34ec1ab9c06fd6bfbf59b198
api.viafoura.co,AVAILABILITY,domains.list,domains.list,2026-09-28 18:42:28.595062+00:00,34ec1ab9c06fd6bfbf59b198
app-analytics.snapchat.com,AVAILABILITY,domains.list,domains.list,2026-09-28 18:42:28.880436+00:00,34ec1ab9c06fd6bfbf59b198
app.adjust.com,AVAILABILITY,domains.list,domains.list,2026-09-28 18:42:29.431239+00:00,34ec1ab9c06fd6bfbf59b198
artduomo.es,AVAILABILITY,domains.list,domains.list,2026-09-28 18:42:38.635644+00:00,34ec1ab9c06fd6bfbf59b198
asadcdn.com,AVAILABILITY,domains.list,domains.list,2026-09-28 18:42:39.175597+00:00,34ec1ab9c06fd6bfbf59b198
asianmedia.com,AVAILABILITY,domains.list,domains.list,2026-09-28 18:42:39.466268+00:00,34ec1ab9c06fd6bfbf59b198
assets.micpn.com,AVAILABILITY,domains.list,domains.list,2026-09-28 18:42:39.888828+00:00,34ec1ab9c06fd6bfbf59b198
au-integration.citrusad.com,AVAILABILITY,domains.list,domains.list,2026-09-28 18:42:41.547824+00:00,34ec1ab9c06fd6bfbf59b198
banner.bauernverlag.de,AVAILABILITY,domains.list,domains.list,2026-09-28 18:42:42.661398+00:00,34ec1ab9c06fd6bfbf59b198
bannertrack.net,AVAILABILITY,domains.list,domains.list,2026-09-28 18:42:42.939291+00:00,34ec1ab9c06fd6bfbf59b198
buy-au.piano.io,AVAILABILITY,domains.list,domains.list,2026-09-28 18:42:46.134770+00:00,34ec1ab9c06fd6bfbf59b198
c.tracking.goodgamestudios.com,AVAILABILITY,domains.list,domains.list,2026-09-28 18:42:46.816082+00:00,34ec1ab9c06fd6bfbf59b198
c0.adalyser.com,AVAILABILITY,domains.list,domains.list,2026-09-28 18:42:47.373070+00:00,34ec1ab9c06fd6bfbf59b198
c2.adalyser.com,AVAILABILITY,domains.list,domains.list,2026-09-28 18:42:48.741942+00:00,34ec1ab9c06fd6bfbf59b198
c3.adalyser.com,AVAILABILITY,domains.list,domains.list,2026-09-28 18:42:49.405757+00:00,34ec1ab9c06fd6bfbf59b198
c5.adalyser.com,AVAILABILITY,domains.list,domains.list,2026-09-28 18:42:50.002116+00:00,34ec1ab9c06fd6bfbf59b198
campingforthefunofit.com,AVAILABILITY,domains.list,domains.list,2026-09-28 18:42:51.331653+00:00,34ec1ab9c06fd6bfbf59b198
cdn.kidoz.net,AVAILABILITY,domains.list,domains.list,2026-09-28 18:42:52.548845+00:00,34ec1ab9c06fd6bfbf59b198
cdn.monsido.com,AVAILABILITY,domains.list,domains.list,2026-09-28 18:42:53.226850+00:00,34ec1ab9c06fd6bfbf59b198
cdn.wbtrk.net,AVAILABILITY,domains.list,domains.list,2026-09-28 18:42:53.615640+00:00,34ec1ab9c06fd6bfbf59b198
coin-hive.com,AVAILABILITY,domains.list,domains.list,2026-09-28 18:42:54.282920+00:00,34ec1ab9c06fd6bfbf59b198
collectorb.tvsquared.com,AVAILABILITY,domains.list,domains.list,2026-09-28 18:42:54.799238+00:00,34ec1ab9c06fd6bfbf59b198
comercial.megafin.pt,AVAILABILITY,domains.list,domains.list,2026-09-28 18:43:15.325627+00:00,34ec1ab9c06fd6bfbf59b198
content.synapsys.us,AVAILABILITY,domains.list,domains.list,2026-09-28 18:43:35.481824+00:00,34ec1ab9c06fd6bfbf59b198
content.tapjoy.com,AVAILABILITY,domains.list,domains.list,2026-09-28 18:43:35.846837+00:00,34ec1ab9c06fd6bfbf59b198
crypto-loot.com,AVAILABILITY,domains.list,domains.list,2026-09-28 18:43:36.676631+00:00,34ec1ab9c06fd6bfbf59b198
cs4.wettercomassets.com,AVAILABILITY,domains.list,domains.list,2026-09-28 18:43:37.610964+00:00,34ec1ab9c06fd6bfbf59b198
ctoid.net,AVAILABILITY,domains.list,domains.list,2026-09-28 18:43:37.904147+00:00,34ec1ab9c06fd6bfbf59b198
cws.conviva.com,AVAILABILITY,domains.list,domains.list,2026-09-28 18:43:38.050073+00:00,34ec1ab9c06fd6bfbf59b198
d.otaserve.net,AVAILABILITY,domains.list,domains.list,2026-09-28 18:43:38.377043+00:00,34ec1ab9c06fd6bfbf59b198
d16s8pqtk4uodx.cloudfront.net,AVAILABILITY,domains.list,domains.list,2026-09-28 18:43:38.852980+00:00,34ec1ab9c06fd6bfbf59b198
d20i5e3rqc90ne.cloudfront.net,AVAILABILITY,domains.list,domains.list,2026-09-28 18:43:39.747849+00:00,34ec1ab9c06fd6bfbf59b198
d29usylhdk1xyu.cloudfront.net,AVAILABILITY,domains.list,domains.list,2026-09-28 18:43:40.259289+00:00,34ec1ab9c06fd6bfbf59b198
d35fgcharv2shj.cloudfront.net,AVAILABILITY,domains.list,domains.list,2026-09-28 18:43:40.488100+00:00,34ec1ab9c06fd6bfbf59b198
d3hmp0045zy3cs.cloudfront.net,AVAILABILITY,domains.list,domains.list,2026-09-28 18:43:40.821654+00:00,34ec1ab9c06fd6bfbf59b198
dashboard.evolveplatform.net,AVAILABILITY,domains.list,domains.list,2026-09-28 18:43:41.352411+00:00,34ec1ab9c06fd6bfbf59b198
dc.railgun.works,AVAILABILITY,domains.list,domains.list,2026-09-28 18:43:42.402245+00:00,34ec1ab9c06fd6bfbf59b198
deliver.oztam.com.au,AVAILABILITY,domains.list,domains.list,2026-09-28 18:43:43.437266+00:00,34ec1ab9c06fd6bfbf59b198
deploygate.com,AVAILABILITY,domains.list,domains.list,2026-09-28 18:43:45.775392+00:00,34ec1ab9c06fd6bfbf59b198
detect.rayjump.com,AVAILABILITY,domains.list,domains.list,2026-09-28 18:43:46.205156+00:00,34ec1ab9c06fd6bfbf59b198
docj27ko03fnu.cloudfront.net,AVAILABILITY,domains.list,domains.list,2026-09-28 18:43:46.640543+00:00,34ec1ab9c06fd6bfbf59b198
doubleclick.net,AVAILABILITY,domains.list,domains.list,2026-09-28 18:43:46.889496+00:00,34ec1ab9c06fd6bfbf59b198
e5019.e2.akamaiedge.net,AVAILABILITY,domains.list,domains.list,2026-09-28 18:43:47.125161+00:00,34ec1ab9c06fd6bfbf59b198
engagement.sandesh.com,AVAILABILITY,domains.list,domains.list,2026-09-28 18:43:47.323137+00:00,34ec1ab9c06fd6bfbf59b198
engine.fyber.com,AVAILABILITY,domains.list,domains.list,2026-09-28 18:43:47.868346+00:00,34ec1ab9c06fd6bfbf59b198
england365.gr,AVAILABILITY,domains.list,domains.list,2026-09-28 18:43:50.480422+00:00,34ec1ab9c06fd6bfbf59b198
evolveplatform.net,AVAILABILITY,domains.list,domains.list,2026-09-28 18:43:50.993452+00:00,34ec1ab9c06fd6bfbf59b198
ezoic.net,AVAILABILITY,domains.list,domains.list,2026-09-28 18:43:51.574593+00:00,34ec1ab9c06fd6bfbf59b198
file-cdn.beeketing.com,AVAILABILITY,domains.list,domains.list,2026-09-28 18:43:52.288962+00:00,34ec1ab9c06fd6bfbf59b198
g.ezoic.net,AVAILABILITY,domains.list,domains.list,2026-09-28 18:43:52.533264+00:00,34ec1ab9c06fd6bfbf59b198
gate.datacaciques.com,AVAILABILITY,domains.list,domains.list,2026-09-28 18:43:53.304356+00:00,34ec1ab9c06fd6bfbf59b198
geid.wbtrk.net,AVAILABILITY,domains.list,domains.list,2026-09-28 18:43:54.159480+00:00,34ec1ab9c06fd6bfbf59b198
googlesyndication.com,AVAILABILITY,domains.list,domains.list,2026-09-28 18:43:54.462958+00:00,34ec1ab9c06fd6bfbf59b198
googletagservices.com,AVAILABILITY,domains.list,domains.list,2026-09-28 18:43:54.603349+00:00,34ec1ab9c06fd6bfbf59b198
hb.adtelligent.com,AVAILABILITY,domains.list,domains.list,2026-09-28 18:43:55.014833+00:00,34ec1ab9c06fd6bfbf59b198
hbopenbid.pubmatic.com,AVAILABILITY,domains.list,domains.list,2026-09-28 18:43:55.267563+00:00,34ec1ab9c06fd6bfbf59b198
hoshiwa.com,AVAILABILITY,domains.list,domains.list,2026-09-28 18:43:55.706714+00:00,34ec1ab9c06fd6bfbf59b198
i.frg.im,AVAILABILITY,domains.list,domains.list,2026-09-28 18:43:56.906952+00:00,34ec1ab9c06fd6bfbf59b198
in.treasuredata.com,AVAILABILITY,domains.list,domains.list,2026-09-28 18:43:57.159590+00:00,34ec1ab9c06fd6bfbf59b198
incoming.telemetry.mozilla.org,AVAILABILITY,domains.list,domains.list,2026-09-28 18:43:57.386811+00:00,34ec1ab9c06fd6bfbf59b198
info.muxy.io,AVAILABILITY,domains.list,domains.list,2026-09-28 18:43:57.727937+00:00,34ec1ab9c06fd6bfbf59b198
ink1001.com,AVAILABILITY,domains.list,domains.list,2026-09-28 18:43:57.977412+00:00,34ec1ab9c06fd6bfbf59b198
inscname.net,AVAILABILITY,domains.list,domains.list,2026-09-28 18:44:18.135687+00:00,34ec1ab9c06fd6bfbf59b198
insnw.net,AVAILABILITY,domains.list,domains.list,2026-09-28 18:44:38.327020+00:00,34ec1ab9c06fd6bfbf59b198
instartlogic.com,AVAILABILITY,domains.list,domains.list,2026-09-28 18:44:38.467932+00:00,34ec1ab9c06fd6bfbf59b198
invisioncloudstats.com,AVAILABILITY,domains.list,domains.list,2026-09-28 18:44:38.660281+00:00,34ec1ab9c06fd6bfbf59b198
ip-info.ff.avast.com,AVAILABILITY,domains.list,domains.list,2026-09-28 18:44:39.101972+00:00,34ec1ab9c06fd6bfbf59b198
ipm-provider.ff.avast.com,AVAILABILITY,domains.list,domains.list,2026-09-28 18:44:39.354958+00:00,34ec1ab9c06fd6bfbf59b198
is-tracking-pixel-api-prod.appspot.com,AVAILABILITY,domains.list,domains.list,2026-09-28 18:44:39.509543+00:00,34ec1ab9c06fd6bfbf59b198
jsecoin.com,AVAILABILITY,domains.list,domains.list,2026-09-28 18:44:40.168305+00:00,34ec1ab9c06fd6bfbf59b198
kampane.virtualstudio.sk,AVAILABILITY,domains.list,domains.list,2026-09-28 18:44:41.546976+00:00,34ec1ab9c06fd6bfbf59b198
kvinit-prod.api.kochava.com,AVAILABILITY,domains.list,domains.list,2026-09-28 18:44:41.686780+00:00,34ec1ab9c06fd6bfbf59b198
lakewoodmediagroup.net,AVAILABILITY,domains.list,domains.list,2026-09-28 18:44:42.460748+00:00,34ec1ab9c06fd6bfbf59b198
ls.srvcs.tumblr.com,AVAILABILITY,domains.list,domains.list,2026-09-28 18:44:42.800960+00:00,34ec1ab9c06fd6bfbf59b198
match.prod.bidr.io,AVAILABILITY,domains.list,domains.list,2026-09-28 18:44:43.087089+00:00,34ec1ab9c06fd6bfbf59b198
melonmail.melon.com.au,AVAILABILITY,domains.list,domains.list,2026-09-28 18:44:48.945623+00:00,34ec1ab9c06fd6bfbf59b198
metric.kleientertainment.com,AVAILABILITY,domains.list,domains.list,2026-09-28 18:44:49.185894+00:00,34ec1ab9c06fd6bfbf59b198
miranda.bounced.de,AVAILABILITY,domains.list,domains.list,2026-09-28 18:44:50.257422+00:00,34ec1ab9c06fd6bfbf59b198
monetize-api.coronalabs.com,AVAILABILITY,domains.list,domains.list,2026-09-28 18:44:50.584093+00:00,34ec1ab9c06fd6bfbf59b198
msmetrics.ws.sonos.com,AVAILABILITY,domains.list,domains.list,2026-09-28 18:44:50.794546+00:00,34ec1ab9c06fd6bfbf59b198
mtrck.info,AVAILABILITY,domains.list,domains.list,2026-09-28 18:45:12.437190+00:00,34ec1ab9c06fd6bfbf59b198
murciaeconomia.folioserver.com,AVAILABILITY,domains.list,domains.list,2026-09-28 18:45:16.330627+00:00,34ec1ab9c06fd6bfbf59b198
nexus.ensighten.com,AVAILABILITY,domains.list,domains.list,2026-09-28 18:45:16.481356+00:00,34ec1ab9c06fd6bfbf59b198
ngex.com,AVAILABILITY,domains.list,domains.list,2026-09-28 18:45:19.980171+00:00,34ec1ab9c06fd6bfbf59b198
open.oneplus.net,AVAILABILITY,domains.list,domains.list,2026-09-28 18:45:20.587054+00:00,34ec1ab9c06fd6bfbf59b198
opencache.com,AVAILABILITY,domains.list,domains.list,2026-09-28 18:45:40.736767+00:00,34ec1ab9c06fd6bfbf59b198
openx.jawharafm.net,AVAILABILITY,domains.list,domains.list,2026-09-28 18:45:41.297214+00:00,34ec1ab9c06fd6bfbf59b198
openx.mediatrust.de,AVAILABILITY,domains.list,domains.list,2026-09-28 18:45:41.710847+00:00,34ec1ab9c06fd6bfbf59b198
openx.mondiale.co.uk,AVAILABILITY,domains.list,domains.list,2026-09-28 18:45:44.216444+00:00,34ec1ab9c06fd6bfbf59b198
otelev.com,AVAILABILITY,domains.list,domains.list,2026-09-28 18:45:44.740601+00:00,34ec1ab9c06fd6bfbf59b198
outcome-ssp.supersonicads.com,AVAILABILITY,domains.list,domains.list,2026-09-28 18:45:45.320377+00:00,34ec1ab9c06fd6bfbf59b198
p.posventa.info,AVAILABILITY,domains.list,domains.list,2026-09-28 18:45:46.949902+00:00,34ec1ab9c06fd6bfbf59b198
pagead2.googlesyndication.com,AVAILABILITY,domains.list,domains.list,2026-09-28 18:45:47.085616+00:00,34ec1ab9c06fd6bfbf59b198
piano.io,AVAILABILITY,domains.list,domains.list,2026-09-28 18:45:47.574515+00:00,34ec1ab9c06fd6bfbf59b198
pixel.adsafeprotected.com,AVAILABILITY,domains.list,domains.list,2026-09-28 18:45:48.052927+00:00,34ec1ab9c06fd6bfbf59b198
placements.tapjoy.com,AVAILABILITY,domains.list,domains.list,2026-09-28 18:45:48.246157+00:00,34ec1ab9c06fd6bfbf59b198
player.adtelligent.com,AVAILABILITY,domains.list,domains.list,2026-09-28 18:45:48.540951+00:00,34ec1ab9c06fd6bfbf59b198
prg.smartadserver.com,AVAILABILITY,domains.list,domains.list,2026-09-28 18:45:48.844580+00:00,34ec1ab9c06fd6bfbf59b198
promoted.soundcloud.com,AVAILABILITY,domains.list,domains.list,2026-09-28 18:45:49.299567+00:00,34ec1ab9c06fd6bfbf59b198
pub.macommune.info,AVAILABILITY,domains.list,domains.list,2026-09-28 18:45:50.331878+00:00,34ec1ab9c06fd6bfbf59b198
pv.medialead.de,AVAILABILITY,domains.list,domains.list,2026-09-28 18:45:52.990803+00:00,34ec1ab9c06fd6bfbf59b198
quantummetric.com,AVAILABILITY,domains.list,domains.list,2026-09-28 18:45:53.549258+00:00,34ec1ab9c06fd6bfbf59b198
reklama.silnet.pl,AVAILABILITY,domains.list,domains.list,2026-09-28 18:45:54.561849+00:00,34ec1ab9c06fd6bfbf59b198
rev.contractoruk.com,AVAILABILITY,domains.list,domains.list,2026-09-28 18:45:55.521577+00:00,34ec1ab9c06fd6bfbf59b198
revive.agenda.ge,AVAILABILITY,domains.list,domains.list,2026-09-28 18:46:15.951755+00:00,34ec1ab9c06fd6bfbf59b198
revive.theaterkrant.nl,AVAILABILITY,domains.list,domains.list,2026-09-28 18:46:17.681583+00:00,34ec1ab9c06fd6bfbf59b198
revive.thebusinessjournal.com,AVAILABILITY,domains.list,domains.list,2026-09-28 18:46:38.036258+00:00,34ec1ab9c06fd6bfbf59b198
revive.unizo.be,AVAILABILITY,domains.list,domains.list,2026-09-28 18:46:38.809649+00:00,34ec1ab9c06fd6bfbf59b198
row.volksstimme.de,AVAILABILITY,domains.list,domains.list,2026-09-28 18:46:59.419213+00:00,34ec1ab9c06fd6bfbf59b198
rpc.tapjoy.com,AVAILABILITY,domains.list,domains.list,2026-09-28 18:46:59.661430+00:00,34ec1ab9c06fd6bfbf59b198
rpxnow.com,AVAILABILITY,domains.list,domains.list,2026-09-28 18:46:59.881433+00:00,34ec1ab9c06fd6bfbf59b198
rs.fullstory.com,AVAILABILITY,domains.list,domains.list,2026-09-28 18:47:00.086635+00:00,34ec1ab9c06fd6bfbf59b198
rules.quantcount.com,AVAILABILITY,domains.list,domains.list,2026-09-28 18:47:00.439208+00:00,34ec1ab9c06fd6bfbf59b198
samsungads.com,AVAILABILITY,domains.list,domains.list,2026-09-28 18:47:01.272935+00:00,34ec1ab9c06fd6bfbf59b198
sbplus.hr,AVAILABILITY,domains.list,domains.list,2026-09-28 18:47:03.272395+00:00,34ec1ab9c06fd6bfbf59b198
sdad.guru,AVAILABILITY,domains.list,domains.list,2026-09-28 18:47:24.121287+00:00,34ec1ab9c06fd6bfbf59b198
sdk-cdn.beeketing.com,AVAILABILITY,domains.list,domains.list,2026-09-28 18:47:24.581514+00:00,34ec1ab9c06fd6bfbf59b198
sdk.appsflyer.com,AVAILABILITY,domains.list,domains.list,2026-09-28 18:47:24.915209+00:00,34ec1ab9c06fd6bfbf59b198
sdk.beeketing.com,AVAILABILITY,domains.list,domains.list,2026-09-28 18:47:25.599135+00:00,34ec1ab9c06fd6bfbf59b198
sdk.iad-01.braze.com,AVAILABILITY,domains.list,domains.list,2026-09-28 18:47:25.980265+00:00,34ec1ab9c06fd6bfbf59b198
sdk.iad-02.braze.com,AVAILABILITY,domains.list,domains.list,2026-09-28 18:47:26.523904+00:00,34ec1ab9c06fd6bfbf59b198
sdk.iad-03.braze.com,AVAILABILITY,domains.list,domains.list,2026-09-28 18:47:26.947942+00:00,34ec1ab9c06fd6bfbf59b198
sdk.iad-04.braze.com,AVAILABILITY,domains.list,domains.list,2026-09-28 18:47:27.333224+00:00,34ec1ab9c06fd6bfbf59b198
sdk.iad-05.braze.com,AVAILABILITY,domains.list,domains.list,2026-09-28 18:47:27.717132+00:00,34ec1ab9c06fd6bfbf59b198
sdk.iad-06.braze.com,AVAILABILITY,domains.list,domains.list,2026-09-28 18:47:28.194053+00:00,34ec1ab9c06fd6bfbf59b198
sdk.kidoz.net,AVAILABILITY,domains.list,domains.list,2026-09-28 18:47:28.621172+00:00,34ec1ab9c06fd6bfbf59b198
secure.informaction.com,AVAILABILITY,domains.list,domains.list,2026-09-28 18:47:30.516670+00:00,34ec1ab9c06fd6bfbf59b198
securepubads.g.doubleclick.net,AVAILABILITY,domains.list,domains.list,2026-09-28 18:47:30.764355+00:00,34ec1ab9c06fd6bfbf59b198
services.albiladpress.com,AVAILABILITY,domains.list,domains.list,2026-09-28 18:47:31.750422+00:00,34ec1ab9c06fd6bfbf59b198
skyrisecities.com,AVAILABILITY,domains.list,domains.list,2026-09-28 18:47:32.988573+00:00,34ec1ab9c06fd6bfbf59b198
sofia.trustx.org,AVAILABILITY,domains.list,domains.list,2026-09-28 18:47:33.147227+00:00,34ec1ab9c06fd6bfbf59b198
specialdeals.g5e.com,AVAILABILITY,domains.list,domains.list,2026-09-28 18:47:53.542620+00:00,34ec1ab9c06fd6bfbf59b198
ssor.tribdss.com,AVAILABILITY,domains.list,domains.list,2026-09-28 18:47:55.568704+00:00,34ec1ab9c06fd6bfbf59b198
ssp.putaojiu.com,AVAILABILITY,domains.list,domains.list,2026-09-28 18:47:57.011492+00:00,34ec1ab9c06fd6bfbf59b198
startdigitaal.nl,AVAILABILITY,domains.list,domains.list,2026-09-28 18:48:08.536560+00:00,34ec1ab9c06fd6bfbf59b198
static.tidiochat.com,AVAILABILITY,domains.list,domains.list,2026-09-28 18:48:09.576705+00:00,34ec1ab9c06fd6bfbf59b198
static.zotabox.com,AVAILABILITY,domains.list,domains.list,2026-09-28 18:48:09.882003+00:00,34ec1ab9c06fd6bfbf59b198
stats.appsflyer.com,AVAILABILITY,domains.list,domains.list,2026-09-28 18:48:10.083165+00:00,34ec1ab9c06fd6bfbf59b198
stats.graitec.net,AVAILABILITY,domains.list,domains.list,2026-09-28 18:48:10.758837+00:00,34ec1ab9c06fd6bfbf59b198
stats.zotabox.com,AVAILABILITY,domains.list,domains.list,2026-09-28 18:48:11.092772+00:00,34ec1ab9c06fd6bfbf59b198
summerhamster.com,AVAILABILITY,domains.list,domains.list,2026-09-28 18:48:12.251024+00:00,34ec1ab9c06fd6bfbf59b198
tags.tiqcdn.com,AVAILABILITY,domains.list,domains.list,2026-09-28 18:48:12.819142+00:00,34ec1ab9c06fd6bfbf59b198
telemetry.gfe.nvidia.com,AVAILABILITY,domains.list,domains.list,2026-09-28 18:48:13.403741+00:00,34ec1ab9c06fd6bfbf59b198
telemetry.malwarebytes.com,AVAILABILITY,domains.list,domains.list,2026-09-28 18:48:14.139334+00:00,34ec1ab9c06fd6bfbf59b198
telemetry.nvidia.com,AVAILABILITY,domains.list,domains.list,2026-09-28 18:48:14.684186+00:00,34ec1ab9c06fd6bfbf59b198
thefilter.com,AVAILABILITY,domains.list,domains.list,2026-09-28 18:48:15.800976+00:00,34ec1ab9c06fd6bfbf59b198
theleader.info,AVAILABILITY,domains.list,domains.list,2026-09-28 18:48:17.913794+00:00,34ec1ab9c06fd6bfbf59b198
thor.blindferret.media,AVAILABILITY,domains.list,domains.list,2026-09-28 18:48:18.844266+00:00,34ec1ab9c06fd6bfbf59b198
track.mmsvc.io,AVAILABILITY,domains.list,domains.list,2026-09-28 18:48:19.726456+00:00,34ec1ab9c06fd6bfbf59b198
tracking.monsido.com,AVAILABILITY,domains.list,domains.list,2026-09-28 18:48:19.950948+00:00,34ec1ab9c06fd6bfbf59b198
treehouse.wwoz.org,AVAILABILITY,domains.list,domains.list,2026-09-28 18:48:21.250001+00:00,34ec1ab9c06fd6bfbf59b198
trk.klclick.com,AVAILABILITY,domains.list,domains.list,2026-09-28 18:48:21.439044+00:00,34ec1ab9c06fd6bfbf59b198
uaswitcher.org,AVAILABILITY,domains.list,domains.list,2026-09-28 18:48:22.402307+00:00,34ec1ab9c06fd6bfbf59b198
urbantoronto.ca,AVAILABILITY,domains.list,domains.list,2026-09-28 18:48:23.692318+00:00,34ec1ab9c06fd6bfbf59b198
us.intellitxt.com,AVAILABILITY,domains.list,domains.list,2026-09-28 18:48:43.863942+00:00,34ec1ab9c06fd6bfbf59b198
usc.adserver.snapads.com,AVAILABILITY,domains.list,domains.list,2026-09-28 18:48:44.013437+00:00,34ec1ab9c06fd6bfbf59b198
v7event.stats.avast.com,AVAILABILITY,domains.list,domains.list,2026-09-28 18:48:44.396685+00:00,34ec1ab9c06fd6bfbf59b198
visualise.click,AVAILABILITY,domains.list,domains.list,2026-09-28 18:48:44.709560+00:00,34ec1ab9c06fd6bfbf59b198
volantix.com,AVAILABILITY,domains.list,domains.list,2026-09-28 18:48:44.889480+00:00,34ec1ab9c06fd6bfbf59b198
wer.schwarzwaelder-bote.de,AVAILABILITY,domains.list,domains.list,2026-09-28 18:49:06.501004+00:00,34ec1ab9c06fd6bfbf59b198
wetter.pushwoosh.com,AVAILABILITY,domains.list,domains.list,2026-09-28 18:49:10.278791+00:00,34ec1ab9c06fd6bfbf59b198
wildcard.moatads.com.edgekey.net,AVAILABILITY,domains.list,domains.list,2026-09-28 18:49:11.177057+00:00,34ec1ab9c06fd6bfbf59b198
www-googletagmanager.l.google.com,AVAILABILITY,domains.list,domains.list,2026-09-28 18:49:11.440388+00:00,34ec1ab9c06fd6bfbf59b198
www.4x4brasil.com.br,AVAILABILITY,domains.list,domains.list,2026-09-28 18:49:11.914572+00:00,34ec1ab9c06fd6bfbf59b198
www.actuabd.com,AVAILABILITY,domains.list,domains.list,2026-09-28 18:49:12.949394+00:00,34ec1ab9c06fd6bfbf59b198
www.drumcorpsplanet.com,AVAILABILITY,domains.list,domains.list,2026-09-28 18:49:14.321046+00:00,34ec1ab9c06fd6bfbf59b198
www.ecofinads.com,AVAILABILITY,domains.list,domains.list,2026-09-28 18:49:15.094299+00:00,34ec1ab9c06fd6bfbf59b198
www.fullstory.com,AVAILABILITY,domains.list,domains.list,2026-09-28 18:49:15.503115+00:00,34ec1ab9c06fd6bfbf59b198
www.inscname.net,AVAILABILITY,domains.list,domains.list,2026-09-28 18:49:16.137935+00:00,34ec1ab9c06fd6bfbf59b198
www.miciudadreal.es,AVAILABILITY,domains.list,domains.list,2026-09-28 18:49:18.640192+00:00,34ec1ab9c06fd6bfbf59b198
www.movable-ink-2183.com,AVAILABILITY,domains.list,domains.list,2026-09-28 18:49:18.935957+00:00,34ec1ab9c06fd6bfbf59b198
www.opencache.com,AVAILABILITY,domains.list,domains.list,2026-09-28 18:49:19.712067+00:00,34ec1ab9c06fd6bfbf59b198
www.porovname.cz,AVAILABILITY,domains.list,domains.list,2026-09-28 18:49:21.730572+00:00,34ec1ab9c06fd6bfbf59b198
www.rcommunications.com,AVAILABILITY,domains.list,domains.list,2026-09-28 18:49:43.478782+00:00,34ec1ab9c06fd6bfbf59b198
www.sdad.guru,AVAILABILITY,domains.list,domains.list,2026-09-28 18:49:44.112459+00:00,34ec1ab9c06fd6bfbf59b198
www.styledrops.hu,AVAILABILITY,domains.list,domains.list,2026-09-28 18:49:51.355730+00:00,34ec1ab9c06fd6bfbf59b198
www.summerhamster.com,AVAILABILITY,domains.list,domains.list,2026-09-28 18:49:53.176740+00:00,34ec1ab9c06fd6bfbf59b198
www.thefilter.com,AVAILABILITY,domains.list,domains.list,2026-09-28 18:49:55.054622+00:00,34ec1ab9c06fd6bfbf59b198
www.usekahuna.com,AVAILABILITY,domains.list,domains.list,2026-09-28 18:49:56.327714+00:00,34ec1ab9c06fd6bfbf59b198
www.volantix.com,AVAILABILITY,domains.list,domains.list,2026-09-28 18:49:56.735571+00:00,34ec1ab9c06fd6bfbf59b198
collector.abc-host.net.au,AVAILABILITY,domains.list,domains.list,2026-09-28 18:49:57.535965+00:00,34ec1ab9c06fd6bfbf59b198
api.south.kontagent.net,AVAILABILITY,domains.list,domains.list,2026-09-28 18:49:57.880189+00:00,34ec1ab9c06fd6bfbf59b198
serve.adtrackers.net,AVAILABILITY,domains.list,domains.list,2026-09-28 18:49:58.120316+00:00,34ec1ab9c06fd6bfbf59b198
zoover.adtrackers.net,AVAILABILITY,domains.list,domains.list,2026-09-28 18:49:58.729994+00:00,34ec1ab9c06fd6bfbf59b198
www.bioverlag-online.de,AVAILABILITY,domains.list,domains.list,2026-09-28 18:49:59.545304+00:00,34ec1ab9c06fd6bfbf59b198
open.inkfrog.com,AVAILABILITY,domains.list,domains.list,2026-09-28 18:49:59.820588+00:00,34ec1ab9c06fd6bfbf59b198
api.data-monitor.info,AVAILABILITY,domains.list,domains.list,2026-09-28 18:50:00.190002+00:00,34ec1ab9c06fd6bfbf59b198
ads.tcsemotion.com,AVAILABILITY,domains.list,domains.list,2026-09-28 18:50:00.497335+00:00,34ec1ab9c06fd6bfbf59b198
roosterfirework.com,AVAILABILITY,domains.list,domains.list,2026-09-28 18:50:01.138057+00:00,34ec1ab9c06fd6bfbf59b198
www.roosterfirework.com,AVAILABILITY,domains.list,domains.list,2026-09-28 18:50:01.461744+00:00,34ec1ab9c06fd6bfbf59b198
ck.getcookiestxt.com,AVAILABILITY,domains.list,domains.list,2026-09-28 18:50:01.775018+00:00,34ec1ab9c06fd6bfbf59b198
batch.upsight-api.com,AVAILABILITY,domains.list,domains.list,2026-09-28 18:50:02.516133+00:00,34ec1ab9c06fd6bfbf59b198
bootstrap.upsight-api.com,AVAILABILITY,domains.list,domains.list,2026-09-28 18:50:02.798227+00:00,34ec1ab9c06fd6bfbf59b198
single.upsight-api.com,AVAILABILITY,domains.list,domains.list,2026-09-28 18:50:03.407679+00:00,34ec1ab9c06fd6bfbf59b198
asap.sindikata.org,AVAILABILITY,domains.list,domains.list,2026-09-28 18:50:03.641568+00:00,34ec1ab9c06fd6bfbf59b198
www.static-assets-queue-it.net,AVAILABILITY,domains.list,domains.list,2026-09-28 18:50:03.933506+00:00,34ec1ab9c06fd6bfbf59b198
iphone.aut5.com,AVAILABILITY,domains.list,domains.list,2026-09-28 18:50:04.438170+00:00,34ec1ab9c06fd6bfbf59b198
update.aut5.com,AVAILABILITY,domains.list,domains.list,2026-09-28 18:50:04.805733+00:00,34ec1ab9c06fd6bfbf59b198
pubs2.latinspots.com,AVAILABILITY,domains.list,domains.list,2026-09-28 18:50:05.381585+00:00,34ec1ab9c06fd6bfbf59b198
www.steadfastsound.com,AVAILABILITY,domains.list,domains.list,2026-09-28 18:50:05.785092+00:00,34ec1ab9c06fd6bfbf59b198
www.steadfastsystem.com,AVAILABILITY,domains.list,domains.list,2026-09-28 18:50:06.715820+00:00,34ec1ab9c06fd6bfbf59b198
www.stiffstem.com,AVAILABILITY,domains.list,domains.list,2026-09-28 18:50:07.470412+00:00,34ec1ab9c06fd6bfbf59b198
www.straightschool.com,AVAILABILITY,domains.list,domains.list,2026-09-28 18:50:07.799136+00:00,34ec1ab9c06fd6bfbf59b198
www.straightnest.com,AVAILABILITY,domains.list,domains.list,2026-09-28 18:50:08.262791+00:00,34ec1ab9c06fd6bfbf59b198
www.structuresofa.com,AVAILABILITY,domains.list,domains.list,2026-09-28 18:50:08.464396+00:00,34ec1ab9c06fd6bfbf59b198
www.succeedscene.com,AVAILABILITY,domains.list,domains.list,2026-09-28 18:50:08.723055+00:00,34ec1ab9c06fd6bfbf59b198
www.superficialsink.com,AVAILABILITY,domains.list,domains.list,2026-09-28 18:50:08.963382+00:00,34ec1ab9c06fd6bfbf59b198
www.supplysummer.com,AVAILABILITY,domains.list,domains.list,2026-09-28 18:50:09.364108+00:00,34ec1ab9c06fd6bfbf59b198
www.swordgoose.com,AVAILABILITY,domains.list,domains.list,2026-09-28 18:50:09.939418+00:00,34ec1ab9c06fd6bfbf59b198
www.tangibleteam.com,AVAILABILITY,domains.list,domains.list,2026-09-28 18:50:10.479936+00:00,34ec1ab9c06fd6bfbf59b198
www.tendertest.com,AVAILABILITY,domains.list,domains.list,2026-09-28 18:50:10.967266+00:00,34ec1ab9c06fd6bfbf59b198
www.teschenite.com,AVAILABILITY,domains.list,domains.list,2026-09-28 18:50:11.226515+00:00,34ec1ab9c06fd6bfbf59b198
www.texturetrick.com,AVAILABILITY,domains.list,domains.list,2026-09-28 18:50:11.721064+00:00,34ec1ab9c06fd6bfbf59b198
www.thingsafterthought.com,AVAILABILITY,domains.list,domains.list,2026-09-28 18:50:12.150917+00:00,34ec1ab9c06fd6bfbf59b198
www.thirdrespect.com,AVAILABILITY,domains.list,domains.list,2026-09-28 18:50:12.661741+00:00,34ec1ab9c06fd6bfbf59b198
www.thomastorch.com,AVAILABILITY,domains.list,domains.list,2026-09-28 18:50:13.125335+00:00,34ec1ab9c06fd6bfbf59b198
www.ticklesign.com,AVAILABILITY,domains.list,domains.list,2026-09-28 18:50:13.655055+00:00,34ec1ab9c06fd6bfbf59b198
www.tracedesire.com,AVAILABILITY,domains.list,domains.list,2026-09-28 18:50:13.863550+00:00,34ec1ab9c06fd6bfbf59b198
scs.webtrends.com,AVAILABILITY,domains.list,domains.list,2026-09-28 18:50:14.219093+00:00,34ec1ab9c06fd6bfbf59b198
cdn.districtm.io,AVAILABILITY,domains.list,domains.list,2026-09-28 18:50:14.514109+00:00,34ec1ab9c06fd6bfbf59b198
phonograph2.voxmedia.com,AVAILABILITY,domains.list,domains.list,2026-09-28 18:50:14.861460+00:00,34ec1ab9c06fd6bfbf59b198
casper.p7s1.net,AVAILABILITY,domains.list,domains.list,2026-09-28 18:50:15.501683+00:00,34ec1ab9c06fd6bfbf59b198
ittnads.advantagegroup.ie,AVAILABILITY,domains.list,domains.list,2026-09-28 18:50:16.691213+00:00,34ec1ab9c06fd6bfbf59b198
adserver.desnivel.com,AVAILABILITY,domains.list,domains.list,2026-09-28 18:50:17.192869+00:00,34ec1ab9c06fd6bfbf59b198
ox.ghanasoccernet.com,AVAILABILITY,domains.list,domains.list,2026-09-28 18:50:17.550891+00:00,34ec1ab9c06fd6bfbf59b198
banners.evoluhcion.es,AVAILABILITY,domains.list,domains.list,2026-09-28 18:50:17.860553+00:00,34ec1ab9c06fd6bfbf59b198
revive.bdnews24.com,AVAILABILITY,domains.list,domains.list,2026-09-28 18:50:18.103683+00:00,34ec1ab9c06fd6bfbf59b198
ads.republica.com.uy,AVAILABILITY,domains.list,domains.list,2026-09-28 18:50:22.010067+00:00,34ec1ab9c06fd6bfbf59b198
ads.urgente24.com,AVAILABILITY,domains.list,domains.list,2026-09-28 18:50:22.510444+00:00,34ec1ab9c06fd6bfbf59b198
ads.samsung.com,AVAILABILITY,domains.list,domains.list,2026-09-28 18:50:24.420213+00:00,34ec1ab9c06fd6bfbf59b198
adserver.polemicaparaiba.com.br,AVAILABILITY,domains.list,domains.list,2026-09-28 18:50:25.271077+00:00,34ec1ab9c06fd6bfbf59b198
pool.tumblr.iponweb.net,AVAILABILITY,domains.list,domains.list,2026-09-28 18:50:25.736618+00:00,34ec1ab9c06fd6bfbf59b198
www.truckstomatoes.com,AVAILABILITY,domains.list,domains.list,2026-09-28 18:50:26.411902+00:00,34ec1ab9c06fd6bfbf59b198
www.truthfulturn.com,AVAILABILITY,domains.list,domains.list,2026-09-28 18:50:26.739169+00:00,34ec1ab9c06fd6bfbf59b198
www.typicalteeth.com,AVAILABILITY,domains.list,domains.list,2026-09-28 18:50:27.469107+00:00,34ec1ab9c06fd6bfbf59b198
www.ultraoranges.com,AVAILABILITY,domains.list,domains.list,2026-09-28 18:50:27.752354+00:00,34ec1ab9c06fd6bfbf59b198
www.unarmedindustry.com,AVAILABILITY,domains.list,domains.list,2026-09-28 18:50:28.388585+00:00,34ec1ab9c06fd6bfbf59b198
www.unequalbrake.com,AVAILABILITY,domains.list,domains.list,2026-09-28 18:50:28.833699+00:00,34ec1ab9c06fd6bfbf59b198
www.untidyrice.com,AVAILABILITY,domains.list,domains.list,2026-09-28 18:50:29.326877+00:00,34ec1ab9c06fd6bfbf59b198
www.unusualtitle.com,AVAILABILITY,domains.list,domains.list,2026-09-28 18:50:30.044301+00:00,34ec1ab9c06fd6bfbf59b198
ads.latinongroup.com,AVAILABILITY,domains.list,domains.list,2026-09-28 18:50:30.299815+00:00,34ec1ab9c06fd6bfbf59b198
ads.veterinaren.nu,AVAILABILITY,domains.list,domains.list,2026-09-28 18:50:31.635639+00:00,34ec1ab9c06fd6bfbf59b198
saber.srvcs.tumblr.com,AVAILABILITY,domains.list,domains.list,2026-09-28 18:50:31.806083+00:00,34ec1ab9c06fd6bfbf59b198
ads.warrelics.eu,AVAILABILITY,domains.list,domains.list,2026-09-28 18:50:32.231776+00:00,34ec1ab9c06fd6bfbf59b198
ads.tvh.no,AVAILABILITY,domains.list,domains.list,2026-09-28 18:50:32.541900+00:00,34ec1ab9c06fd6bfbf59b198
ads.ejz.de,AVAILABILITY,domains.list,domains.list,2026-09-28 18:50:33.519353+00:00,34ec1ab9c06fd6bfbf59b198
www.uaswitcher.org,AVAILABILITY,domains.list,domains.list,2026-09-28 18:50:47.369277+00:00,34ec1ab9c06fd6bfbf59b198
www.vanfireworks.com,AVAILABILITY,domains.list,domains.list,2026-09-28 18:50:47.612502+00:00,34ec1ab9c06fd6bfbf59b198
www.whiskyqueue.com,AVAILABILITY,domains.list,domains.list,2026-09-28 18:50:47.932278+00:00,34ec1ab9c06fd6bfbf59b198
www.whirlwealth.com,AVAILABILITY,domains.list,domains.list,2026-09-28 18:50:48.608631+00:00,34ec1ab9c06fd6bfbf59b198
www.wirecomic.com,AVAILABILITY,domains.list,domains.list,2026-09-28 18:50:48.869327+00:00,34ec1ab9c06fd6bfbf59b198
www.worrybutter.com,AVAILABILITY,domains.list,domains.list,2026-09-28 18:50:49.159332+00:00,34ec1ab9c06fd6bfbf59b198
www.wrongpotato.com,AVAILABILITY,domains.list,domains.list,2026-09-28 18:50:49.458439+00:00,34ec1ab9c06fd6bfbf59b198
www.zlp6s.pw,AVAILABILITY,domains.list,domains.list,2026-09-28 18:50:49.908676+00:00,34ec1ab9c06fd6bfbf59b198
ad.mopub.com,AVAILABILITY,domains.list,domains.list,2026-09-28 18:50:50.492283+00:00,34ec1ab9c06fd6bfbf59b198
metrics.plex.tv,AVAILABILITY,domains.list,domains.list,2026-09-28 18:50:50.819893+00:00,34ec1ab9c06fd6bfbf59b198
fast-nc.appcues.com,AVAILABILITY,domains.list,domains.list,2026-09-28 18:50:51.349924+00:00,34ec1ab9c06fd6bfbf59b198
settings.crashlytics.com,AVAILABILITY,domains.list,domains.list,2026-09-28 18:50:51.498060+00:00,34ec1ab9c06fd6bfbf59b198
www.excuseearthquake.com,AVAILABILITY,domains.list,domains.list,2026-09-28 18:50:51.800636+00:00,34ec1ab9c06fd6bfbf59b198
advertising.oriel.io,AVAILABILITY,domains.list,domains.list,2026-09-28 18:50:52.293370+00:00,34ec1ab9c06fd6bfbf59b198
aloseks.org,AVAILABILITY,domains.list,domains.list,2026-09-28 18:50:53.160798+00:00,34ec1ab9c06fd6bfbf59b198
api211.thefilter.com,AVAILABILITY,domains.list,domains.list,2026-09-28 18:50:53.611092+00:00,34ec1ab9c06fd6bfbf59b198
ad.fyber.angsrvr.com,AVAILABILITY,domains.list,domains.list,2026-09-28 18:50:53.878843+00:00,34ec1ab9c06fd6bfbf59b198
brassrule.com,AVAILABILITY,domains.list,domains.list,2026-09-28 18:50:54.141581+00:00,34ec1ab9c06fd6bfbf59b198
cameforcameand33212.com,AVAILABILITY,domains.list,domains.list,2026-09-28 18:50:54.351606+00:00,34ec1ab9c06fd6bfbf59b198
au.np.adproxy.ndmdhs.com,AVAILABILITY,domains.list,domains.list,2026-09-28 18:50:54.614279+00:00,34ec1ab9c06fd6bfbf59b198
chinchickens.com,AVAILABILITY,domains.list,domains.list,2026-09-28 18:50:54.877217+00:00,34ec1ab9c06fd6bfbf59b198
consciouscabbage.com,AVAILABILITY,domains.list,domains.list,2026-09-28 18:50:55.107972+00:00,34ec1ab9c06fd6bfbf59b198
familiarfloor.com,AVAILABILITY,domains.list,domains.list,2026-09-28 18:50:55.372455+00:00,34ec1ab9c06fd6bfbf59b198
dolphindispute.com,AVAILABILITY,domains.list,domains.list,2026-09-28 18:50:55.723489+00:00,34ec1ab9c06fd6bfbf59b198
fd-fp3.wg1.b.yahoo.com,AVAILABILITY,domains.list,domains.list,2026-09-28 18:50:56.053509+00:00,34ec1ab9c06fd6bfbf59b198
fhm.degearwom.de,AVAILABILITY,domains.list,domains.list,2026-09-28 18:50:56.527914+00:00,34ec1ab9c06fd6bfbf59b198
foamybox.com,AVAILABILITY,domains.list,domains.list,2026-09-28 18:50:57.218370+00:00,34ec1ab9c06fd6bfbf59b198
flavordecision.com,AVAILABILITY,domains.list,domains.list,2026-09-28 18:50:57.639076+00:00,34ec1ab9c06fd6bfbf59b198
futuristicfear.com,AVAILABILITY,domains.list,domains.list,2026-09-28 18:50:58.382796+00:00,34ec1ab9c06fd6bfbf59b198
gate.hockeyapp.net,AVAILABILITY,domains.list,domains.list,2026-09-28 18:51:01.861851+00:00,34ec1ab9c06fd6bfbf59b198
guardedgovernor.com,AVAILABILITY,domains.list,domains.list,2026-09-28 18:51:02.174499+00:00,34ec1ab9c06fd6bfbf59b198
gfe.geforce.com,AVAILABILITY,domains.list,domains.list,2026-09-28 18:51:02.505571+00:00,34ec1ab9c06fd6bfbf59b198
guitarbelieve.com,AVAILABILITY,domains.list,domains.list,2026-09-28 18:51:03.134425+00:00,34ec1ab9c06fd6bfbf59b198
iframe.chefkoch.deioam.de,AVAILABILITY,domains.list,domains.list,2026-09-28 18:51:03.938514+00:00,34ec1ab9c06fd6bfbf59b198
incrediblesugar.com,AVAILABILITY,domains.list,domains.list,2026-09-28 18:51:04.475044+00:00,34ec1ab9c06fd6bfbf59b198
inviterabbits.com,AVAILABILITY,domains.list,domains.list,2026-09-28 18:51:04.769174+00:00,34ec1ab9c06fd6bfbf59b198
insnw.ne,AVAILABILITY,domains.list,domains.list,2026-09-28 18:51:07.019880+00:00,34ec1ab9c06fd6bfbf59b198
jewelcheese.com,AVAILABILITY,domains.list,domains.list,2026-09-28 18:51:07.314227+00:00,34ec1ab9c06fd6bfbf59b198
karisimbi.net,AVAILABILITY,domains.list,domains.list,2026-09-28 18:51:07.560936+00:00,34ec1ab9c06fd6bfbf59b198
jikenick12and67.com,AVAILABILITY,domains.list,domains.list,2026-09-28 18:51:07.772168+00:00,34ec1ab9c06fd6bfbf59b198
lopsidedspoon.com,AVAILABILITY,domains.list,domains.list,2026-09-28 18:51:08.036561+00:00,34ec1ab9c06fd6bfbf59b198
matchcows.com,AVAILABILITY,domains.list,domains.list,2026-09-28 18:51:08.271429+00:00,34ec1ab9c06fd6bfbf59b198
practicetoothpaste.com,AVAILABILITY,domains.list,domains.list,2026-09-28 18:51:08.608650+00:00,34ec1ab9c06fd6bfbf59b198
rules.noadblock.org,AVAILABILITY,domains.list,domains.list,2026-09-28 18:51:09.106639+00:00,34ec1ab9c06fd6bfbf59b198
adserver.lasiciliaweb.it,AVAILABILITY,domains.list,domains.list,2026-09-28 18:51:09.608993+00:00,34ec1ab9c06fd6bfbf59b198
reports.crashlytics.com,AVAILABILITY,domains.list,domains.list,2026-09-28 18:51:09.769378+00:00,34ec1ab9c06fd6bfbf59b198
ritzysponge.com,AVAILABILITY,domains.list,domains.list,2026-09-28 18:51:10.041792+00:00,34ec1ab9c06fd6bfbf59b198
public.vilynx.com,AVAILABILITY,domains.list,domains.list,2026-09-28 18:51:10.352969+00:00,34ec1ab9c06fd6bfbf59b198
shelterstraw.com,AVAILABILITY,domains.list,domains.list,2026-09-28 18:51:10.589208+00:00,34ec1ab9c06fd6bfbf59b198
shallowschool.com,AVAILABILITY,domains.list,domains.list,2026-09-28 18:51:10.863570+00:00,34ec1ab9c06fd6bfbf59b198
shockingswing.com,AVAILABILITY,domains.list,domains.list,2026-09-28 18:51:11.093269+00:00,34ec1ab9c06fd6bfbf59b198
sinceresofa.com,AVAILABILITY,domains.list,domains.list,2026-09-28 18:51:11.305292+00:00,34ec1ab9c06fd6bfbf59b198
sincerespy.com,AVAILABILITY,domains.list,domains.list,2026-09-28 18:51:11.608465+00:00,34ec1ab9c06fd6bfbf59b198
snakesort.com,AVAILABILITY,domains.list,domains.list,2026-09-28 18:51:11.887907+00:00,34ec1ab9c06fd6bfbf59b198
sneaklevel.com,AVAILABILITY,domains.list,domains.list,2026-09-28 18:51:12.119480+00:00,34ec1ab9c06fd6bfbf59b198
spectacularsnail.com,AVAILABILITY,domains.list,domains.list,2026-09-28 18:51:12.562394+00:00,34ec1ab9c06fd6bfbf59b198
squeamishscarecrow.com,AVAILABILITY,domains.list,domains.list,2026-09-28 18:51:12.931328+00:00,34ec1ab9c06fd6bfbf59b198
spottysense.com,AVAILABILITY,domains.list,domains.list,2026-09-28 18:51:13.393285+00:00,34ec1ab9c06fd6bfbf59b198
static-assets-queue-it.net,AVAILABILITY,domains.list,domains.list,2026-09-28 18:51:13.773097+00:00,34ec1ab9c06fd6bfbf59b198
structuresofa.com,AVAILABILITY,domains.list,domains.list,2026-09-28 18:51:14.304613+00:00,34ec1ab9c06fd6bfbf59b198
superficialsink.com,AVAILABILITY,domains.list,domains.list,2026-09-28 18:51:14.582040+00:00,34ec1ab9c06fd6bfbf59b198
cydia.saurik.com.cdngc.net,AVAILABILITY,domains.list,domains.list,2026-09-28 18:51:15.234304+00:00,34ec1ab9c06fd6bfbf59b198
adbigline.network,AVAILABILITY,domains.list,domains.list,2026-09-28 18:51:16.250255+00:00,34ec1ab9c06fd6bfbf59b198
ads.baotainguyenmoitruong.vn,AVAILABILITY,domains.list,domains.list,2026-09-28 18:51:16.700175+00:00,34ec1ab9c06fd6bfbf59b198
bibugal.network,AVAILABILITY,domains.list,domains.list,2026-09-28 18:51:17.210428+00:00,34ec1ab9c06fd6bfbf59b198
coinhiveproxy.com,AVAILABILITY,domains.list,domains.list,2026-09-28 18:51:17.517429+00:00,34ec1ab9c06fd6bfbf59b198
exclusive-vouchers.com,AVAILABILITY,domains.list,domains.list,2026-09-28 18:51:17.893618+00:00,34ec1ab9c06fd6bfbf59b198
galikos.com,AVAILABILITY,domains.list,domains.list,2026-09-28 18:51:18.126165+00:00,34ec1ab9c06fd6bfbf59b198
groceriesgiftcards.com,AVAILABILITY,domains.list,domains.list,2026-09-28 18:51:18.320588+00:00,34ec1ab9c06fd6bfbf59b198
line2lime.com,AVAILABILITY,domains.list,domains.list,2026-09-28 18:51:18.705336+00:00,34ec1ab9c06fd6bfbf59b198
reticulumlyn.com,AVAILABILITY,domains.list,domains.list,2026-09-28 18:51:18.968756+00:00,34ec1ab9c06fd6bfbf59b198
shortyz.co,AVAILABILITY,domains.list,domains.list,2026-09-28 18:51:19.517351+00:00,34ec1ab9c06fd6bfbf59b198
topwindstar.com,AVAILABILITY,domains.list,domains.list,2026-09-28 18:51:19.738654+00:00,34ec1ab9c06fd6bfbf59b198
tucanastar.com,AVAILABILITY,domains.list,domains.list,2026-09-28 18:51:20.061211+00:00,34ec1ab9c06fd6bfbf59b198
wetral.com,AVAILABILITY,domains.list,domains.list,2026-09-28 18:51:20.226368+00:00,34ec1ab9c06fd6bfbf59b198
hb.nexage.com,AVAILABILITY,domains.list,domains.list,2026-09-28 18:51:42.103747+00:00,34ec1ab9c06fd6bfbf59b198
pub.naiz.eus,AVAILABILITY,domains.list,domains.list,2026-09-28 18:51:42.601572+00:00,34ec1ab9c06fd6bfbf59b198
adiode.com,AVAILABILITY,domains.list,domains.list,2026-09-28 18:51:42.896793+00:00,34ec1ab9c06fd6bfbf59b198
www.adiode.com,AVAILABILITY,domains.list,domains.list,2026-09-28 18:51:43.458424+00:00,34ec1ab9c06fd6bfbf59b198
www.pivata.net,AVAILABILITY,domains.list,domains.list,2026-09-28 18:51:43.756929+00:00,34ec1ab9c06fd6bfbf59b198
platform.cloud-iq.com.au,AVAILABILITY,domains.list,domains.list,2026-09-28 18:51:44.653796+00:00,34ec1ab9c06fd6bfbf59b198
www.vungle.com,AVAILABILITY,domains.list,domains.list,2026-09-28 18:51:46.157460+00:00,34ec1ab9c06fd6bfbf59b198
psa.carambo.la,AVAILABILITY,domains.list,domains.list,2026-09-28 18:51:46.387252+00:00,34ec1ab9c06fd6bfbf59b198
teschenite.com,AVAILABILITY,domains.list,domains.list,2026-09-28 18:51:46.690282+00:00,34ec1ab9c06fd6bfbf59b198
tracedesire.com,AVAILABILITY,domains.list,domains.list,2026-09-28 18:51:46.952073+00:00,34ec1ab9c06fd6bfbf59b198
adserver.greeners.co,AVAILABILITY,domains.list,domains.list,2026-09-28 18:51:47.230729+00:00,34ec1ab9c06fd6bfbf59b198
adv2.grupopreferente.com,AVAILABILITY,domains.list,domains.list,2026-09-28 18:51:47.795859+00:00,34ec1ab9c06fd6bfbf59b198
revive.saechsische-schweiz.de,AVAILABILITY,domains.list,domains.list,2026-09-28 18:51:48.678161+00:00,34ec1ab9c06fd6bfbf59b198
truthfulturn.com,AVAILABILITY,domains.list,domains.list,2026-09-28 18:51:48.900719+00:00,34ec1ab9c06fd6bfbf59b198
www.2znp09oa.com,AVAILABILITY,domains.list,domains.list,2026-09-28 18:51:49.519558+00:00,34ec1ab9c06fd6bfbf59b198
www.4jnzhl0d0.com,AVAILABILITY,domains.list,domains.list,2026-09-28 18:51:49.849785+00:00,34ec1ab9c06fd6bfbf59b198
www.82o9v830.com,AVAILABILITY,domains.list,domains.list,2026-09-28 18:51:50.224266+00:00,34ec1ab9c06fd6bfbf59b198
www.aboardlevel.com,AVAILABILITY,domains.list,domains.list,2026-09-28 18:51:50.874793+00:00,34ec1ab9c06fd6bfbf59b198
www.actuallysheep.com,AVAILABILITY,domains.list,domains.list,2026-09-28 18:51:51.440581+00:00,34ec1ab9c06fd6bfbf59b198
www.acridtwist.com,AVAILABILITY,domains.list,domains.list,2026-09-28 18:51:52.268362+00:00,34ec1ab9c06fd6bfbf59b198
www.agreeableprice.com,AVAILABILITY,domains.list,domains.list,2026-09-28 18:51:52.966996+00:00,34ec1ab9c06fd6bfbf59b198
www.afraidlanguage.com,AVAILABILITY,domains.list,domains.list,2026-09-28 18:51:53.902078+00:00,34ec1ab9c06fd6bfbf59b198
ads.eltemps.cat,AVAILABILITY,domains.list,domains.list,2026-09-28 18:51:56.253661+00:00,34ec1ab9c06fd6bfbf59b198
www.agreeabletouch.com,AVAILABILITY,domains.list,domains.list,2026-09-28 18:51:57.297891+00:00,34ec1ab9c06fd6bfbf59b198
www.ak0gsh40.com,AVAILABILITY,domains.list,domains.list,2026-09-28 18:51:57.876322+00:00,34ec1ab9c06fd6bfbf59b198
www.aloseks.org,AVAILABILITY,domains.list,domains.list,2026-09-28 18:51:58.365604+00:00,34ec1ab9c06fd6bfbf59b198
www.anxiousapples.com,AVAILABILITY,domains.list,domains.list,2026-09-28 18:51:59.192774+00:00,34ec1ab9c06fd6bfbf59b198
www.archswimming.com,AVAILABILITY,domains.list,domains.list,2026-09-28 18:52:00.336707+00:00,34ec1ab9c06fd6bfbf59b198
www.attractivecap.com,AVAILABILITY,domains.list,domains.list,2026-09-28 18:52:00.934302+00:00,34ec1ab9c06fd6bfbf59b198
www.awzbijw.com,AVAILABILITY,domains.list,domains.list,2026-09-28 18:52:01.705241+00:00,34ec1ab9c06fd6bfbf59b198
www.baskettexture.com,AVAILABILITY,domains.list,domains.list,2026-09-28 18:52:02.842237+00:00,34ec1ab9c06fd6bfbf59b198
www.bestboundary.com,AVAILABILITY,domains.list,domains.list,2026-09-28 18:52:03.851276+00:00,34ec1ab9c06fd6bfbf59b198
www.bhcumsc.com,AVAILABILITY,domains.list,domains.list,2026-09-28 18:52:04.584126+00:00,34ec1ab9c06fd6bfbf59b198
www.bewilderedblade.com,AVAILABILITY,domains.list,domains.list,2026-09-28 18:52:05.213346+00:00,34ec1ab9c06fd6bfbf59b198
www.billowybead.com,AVAILABILITY,domains.list,domains.list,2026-09-28 18:52:05.992015+00:00,34ec1ab9c06fd6bfbf59b198
www.blushingbeast.com,AVAILABILITY,domains.list,domains.list,2026-09-28 18:52:06.542697+00:00,34ec1ab9c06fd6bfbf59b198
statgw2.devtodev.com,AVAILABILITY,domains.list,domains.list,2026-09-28 18:52:07.319411+00:00,34ec1ab9c06fd6bfbf59b198
adserver.nearby.cz,AVAILABILITY,domains.list,domains.list,2026-09-28 18:52:07.983218+00:00,34ec1ab9c06fd6bfbf59b198
adserv.emh.ch,AVAILABILITY,domains.list,domains.list,2026-09-28 18:52:16.008144+00:00,34ec1ab9c06fd6bfbf59b198
www3.convergenciadigital.com.br,AVAILABILITY,domains.list,domains.list,2026-09-28 18:52:16.683714+00:00,34ec1ab9c06fd6bfbf59b198
ads.shasha.ps,AVAILABILITY,domains.list,domains.list,2026-09-28 18:52:18.576438+00:00,34ec1ab9c06fd6bfbf59b198
leadz01.isn.nl,AVAILABILITY,domains.list,domains.list,2026-09-28 18:52:19.707278+00:00,34ec1ab9c06fd6bfbf59b198
www.boilingbeetle.com,AVAILABILITY,domains.list,domains.list,2026-09-28 18:52:20.243077+00:00,34ec1ab9c06fd6bfbf59b198
www.brassrule.com,AVAILABILITY,domains.list,domains.list,2026-09-28 18:52:20.721266+00:00,34ec1ab9c06fd6bfbf59b198
www.boredcrown.com,AVAILABILITY,domains.list,domains.list,2026-09-28 18:52:21.225277+00:00,34ec1ab9c06fd6bfbf59b198
www.breakfastboat.com,AVAILABILITY,domains.list,domains.list,2026-09-28 18:52:21.941621+00:00,34ec1ab9c06fd6bfbf59b198
www.broadcastbed.com,AVAILABILITY,domains.list,domains.list,2026-09-28 18:52:22.451282+00:00,34ec1ab9c06fd6bfbf59b198
www.bulbbait.com,AVAILABILITY,domains.list,domains.list,2026-09-28 18:52:22.942261+00:00,34ec1ab9c06fd6bfbf59b198
www.calculatingcircle.com,AVAILABILITY,domains.list,domains.list,2026-09-28 18:52:23.419321+00:00,34ec1ab9c06fd6bfbf59b198
www.butterburst.com,AVAILABILITY,domains.list,domains.list,2026-09-28 18:52:24.293792+00:00,34ec1ab9c06fd6bfbf59b198
www.cameforcameand33212.com,AVAILABILITY,domains.list,domains.list,2026-09-28 18:52:24.604338+00:00,34ec1ab9c06fd6bfbf59b198
www.callousbrake.com,AVAILABILITY,domains.list,domains.list,2026-09-28 18:52:25.259397+00:00,34ec1ab9c06fd6bfbf59b198
www.calmcactus.com,AVAILABILITY,domains.list,domains.list,2026-09-28 18:52:25.848701+00:00,34ec1ab9c06fd6bfbf59b198
www.chairscrack.com,AVAILABILITY,domains.list,domains.list,2026-09-28 18:52:26.582469+00:00,34ec1ab9c06fd6bfbf59b198
