idna_subject,checker_type,destination,tested_at
collector.abc-host.net.au,AVAILABILITY,domains.list,2026-09-27 05:46:42.907975+00:00
api.south.kontagent.net,AVAILABILITY,domains.list,2026-09-27 05:46:43.092972+00:00
serve.adtrackers.net,AVAILABILITY,domains.list,2026-09-27 05:46:43.405490+00:00
zoover.adtrackers.net,AVAILABILITY,domains.list,2026-09-27 05:46:43.602354+00:00
www.bioverlag-online.de,AVAILABILITY,domains.list,2026-09-27 05:46:43.776538+00:00
open.inkfrog.com,AVAILABILITY,domains.list,2026-09-27 05:46:43.989638+00:00
api.data-monitor.info,AVAILABILITY,domains.list,2026-09-27 05:46:44.267591+00:00
ads.tcsemotion.com,AVAILABILITY,domains.list,2026-09-27 05:46:44.518114+00:00
roosterfirework.com,AVAILABILITY,domains.list,2026-09-27 05:46:44.689400+00:00
www.roosterfirework.com,AVAILABILITY,domains.list,2026-09-27 05:46:44.876488+00:00
ck.getcookiestxt.com,AVAILABILITY,domains.list,2026-09-27 05:46:45.078635+00:00
batch.upsight-api.com,AVAILABILITY,domains.list,2026-09-27 05:46:45.312436+00:00
bootstrap.upsight-api.com,AVAILABILITY,domains.list,2026-09-27 05:46:45.505900+00:00
single.upsight-api.com,AVAILABILITY,domains.list,2026-09-27 05:46:45.742256+00:00
asap.sindikata.org,AVAILABILITY,domains.list,2026-09-27 05:46:45.973198+00:00
www.static-assets-queue-it.net,AVAILABILITY,domains.list,2026-09-27 05:46:46.149877+00:00
iphone.aut5.com,AVAILABILITY,domains.list,2026-09-27 05:46:46.427393+00:00
update.aut5.com,AVAILABILITY,domains.list,2026-09-27 05:46:46.651430+00:00
pubs2.latinspots.com,AVAILABILITY,domains.list,2026-09-27 05:46:46.990375+00:00
www.steadfastsound.com,AVAILABILITY,domains.list,2026-09-27 05:46:47.551886+00:00
www.steadfastsystem.com,AVAILABILITY,domains.list,2026-09-27 05:46:48.010034+00:00
www.stiffstem.com,AVAILABILITY,domains.list,2026-09-27 05:46:48.261538+00:00
www.straightschool.com,AVAILABILITY,domains.list,2026-09-27 05:46:48.534256+00:00
www.straightnest.com,AVAILABILITY,domains.list,2026-09-27 05:46:48.816379+00:00
www.structuresofa.com,AVAILABILITY,domains.list,2026-09-27 05:46:49.059956+00:00
www.succeedscene.com,AVAILABILITY,domains.list,2026-09-27 05:46:49.300299+00:00
www.superficialsink.com,AVAILABILITY,domains.list,2026-09-27 05:46:49.575954+00:00
www.supplysummer.com,AVAILABILITY,domains.list,2026-09-27 05:46:49.765226+00:00
www.swordgoose.com,AVAILABILITY,domains.list,2026-09-27 05:46:50.092112+00:00
www.tangibleteam.com,AVAILABILITY,domains.list,2026-09-27 05:46:50.335863+00:00
www.tendertest.com,AVAILABILITY,domains.list,2026-09-27 05:46:50.654912+00:00
www.teschenite.com,AVAILABILITY,domains.list,2026-09-27 05:46:50.924666+00:00
www.texturetrick.com,AVAILABILITY,domains.list,2026-09-27 05:46:51.437572+00:00
www.thingsafterthought.com,AVAILABILITY,domains.list,2026-09-27 05:46:51.970359+00:00
www.thirdrespect.com,AVAILABILITY,domains.list,2026-09-27 05:46:52.404539+00:00
www.thomastorch.com,AVAILABILITY,domains.list,2026-09-27 05:46:52.939481+00:00
www.ticklesign.com,AVAILABILITY,domains.list,2026-09-27 05:46:53.797922+00:00
www.tracedesire.com,AVAILABILITY,domains.list,2026-09-27 05:46:54.124889+00:00
scs.webtrends.com,AVAILABILITY,domains.list,2026-09-27 05:46:54.338913+00:00
cdn.districtm.io,AVAILABILITY,domains.list,2026-09-27 05:46:55.274415+00:00
phonograph2.voxmedia.com,AVAILABILITY,domains.list,2026-09-27 05:46:55.543023+00:00
casper.p7s1.net,AVAILABILITY,domains.list,2026-09-27 05:46:56.014379+00:00
ittnads.advantagegroup.ie,AVAILABILITY,domains.list,2026-09-27 05:46:57.387936+00:00
adserver.desnivel.com,AVAILABILITY,domains.list,2026-09-27 05:46:57.728556+00:00
ox.ghanasoccernet.com,AVAILABILITY,domains.list,2026-09-27 05:46:58.092621+00:00
banners.evoluhcion.es,AVAILABILITY,domains.list,2026-09-27 05:46:58.286919+00:00
revive.bdnews24.com,AVAILABILITY,domains.list,2026-09-27 05:46:58.516932+00:00
ads.republica.com.uy,AVAILABILITY,domains.list,2026-09-27 05:47:00.426332+00:00
ads.urgente24.com,AVAILABILITY,domains.list,2026-09-27 05:47:00.693645+00:00
ads.samsung.com,AVAILABILITY,domains.list,2026-09-27 05:47:02.380447+00:00
adserver.polemicaparaiba.com.br,AVAILABILITY,domains.list,2026-09-27 05:47:03.402602+00:00
pool.tumblr.iponweb.net,AVAILABILITY,domains.list,2026-09-27 05:47:04.069078+00:00
www.truckstomatoes.com,AVAILABILITY,domains.list,2026-09-27 05:47:04.477619+00:00
www.truthfulturn.com,AVAILABILITY,domains.list,2026-09-27 05:47:04.706517+00:00
www.typicalteeth.com,AVAILABILITY,domains.list,2026-09-27 05:47:05.144500+00:00
www.ultraoranges.com,AVAILABILITY,domains.list,2026-09-27 05:47:05.599823+00:00
www.unarmedindustry.com,AVAILABILITY,domains.list,2026-09-27 05:47:05.818795+00:00
www.unequalbrake.com,AVAILABILITY,domains.list,2026-09-27 05:47:06.192620+00:00
www.untidyrice.com,AVAILABILITY,domains.list,2026-09-27 05:47:06.416937+00:00
www.unusualtitle.com,AVAILABILITY,domains.list,2026-09-27 05:47:06.769790+00:00
ads.latinongroup.com,AVAILABILITY,domains.list,2026-09-27 05:47:07.004869+00:00
ads.veterinaren.nu,AVAILABILITY,domains.list,2026-09-27 05:47:07.691890+00:00
saber.srvcs.tumblr.com,AVAILABILITY,domains.list,2026-09-27 05:47:07.850137+00:00
ads.warrelics.eu,AVAILABILITY,domains.list,2026-09-27 05:47:08.249172+00:00
ads.tvh.no,AVAILABILITY,domains.list,2026-09-27 05:47:08.710467+00:00
ads.ejz.de,AVAILABILITY,domains.list,2026-09-27 05:47:09.889032+00:00
www.uaswitcher.org,AVAILABILITY,domains.list,2026-09-27 05:47:23.956976+00:00
www.vanfireworks.com,AVAILABILITY,domains.list,2026-09-27 05:47:24.401557+00:00
www.whiskyqueue.com,AVAILABILITY,domains.list,2026-09-27 05:47:24.840117+00:00
www.whirlwealth.com,AVAILABILITY,domains.list,2026-09-27 05:47:25.198369+00:00
www.wirecomic.com,AVAILABILITY,domains.list,2026-09-27 05:47:25.641940+00:00
www.worrybutter.com,AVAILABILITY,domains.list,2026-09-27 05:47:25.831878+00:00
www.wrongpotato.com,AVAILABILITY,domains.list,2026-09-27 05:47:26.273418+00:00
www.zlp6s.pw,AVAILABILITY,domains.list,2026-09-27 05:47:26.583938+00:00
ad.mopub.com,AVAILABILITY,domains.list,2026-09-27 05:47:26.970402+00:00
metrics.plex.tv,AVAILABILITY,domains.list,2026-09-27 05:47:27.153843+00:00
fast-nc.appcues.com,AVAILABILITY,domains.list,2026-09-27 05:47:27.364276+00:00
settings.crashlytics.com,AVAILABILITY,domains.list,2026-09-27 05:47:27.535697+00:00
www.excuseearthquake.com,AVAILABILITY,domains.list,2026-09-27 05:47:27.782285+00:00
advertising.oriel.io,AVAILABILITY,domains.list,2026-09-27 05:47:27.943370+00:00
aloseks.org,AVAILABILITY,domains.list,2026-09-27 05:47:28.853863+00:00
api211.thefilter.com,AVAILABILITY,domains.list,2026-09-27 05:47:29.092028+00:00
ad.fyber.angsrvr.com,AVAILABILITY,domains.list,2026-09-27 05:47:29.592147+00:00
brassrule.com,AVAILABILITY,domains.list,2026-09-27 05:47:29.835904+00:00
cameforcameand33212.com,AVAILABILITY,domains.list,2026-09-27 05:47:30.002009+00:00
au.np.adproxy.ndmdhs.com,AVAILABILITY,domains.list,2026-09-27 05:47:30.331501+00:00
chinchickens.com,AVAILABILITY,domains.list,2026-09-27 05:47:30.637300+00:00
consciouscabbage.com,AVAILABILITY,domains.list,2026-09-27 05:47:30.864550+00:00
familiarfloor.com,AVAILABILITY,domains.list,2026-09-27 05:47:31.280116+00:00
dolphindispute.com,AVAILABILITY,domains.list,2026-09-27 05:47:31.440624+00:00
fd-fp3.wg1.b.yahoo.com,AVAILABILITY,domains.list,2026-09-27 05:47:31.719772+00:00
fhm.degearwom.de,AVAILABILITY,domains.list,2026-09-27 05:47:32.236278+00:00
foamybox.com,AVAILABILITY,domains.list,2026-09-27 05:47:32.414207+00:00
flavordecision.com,AVAILABILITY,domains.list,2026-09-27 05:47:32.570077+00:00
futuristicfear.com,AVAILABILITY,domains.list,2026-09-27 05:47:32.799192+00:00
gate.hockeyapp.net,AVAILABILITY,domains.list,2026-09-27 05:47:35.233134+00:00
guardedgovernor.com,AVAILABILITY,domains.list,2026-09-27 05:47:35.454088+00:00
gfe.geforce.com,AVAILABILITY,domains.list,2026-09-27 05:47:35.639821+00:00
guitarbelieve.com,AVAILABILITY,domains.list,2026-09-27 05:47:35.869363+00:00
iframe.chefkoch.deioam.de,AVAILABILITY,domains.list,2026-09-27 05:47:36.195078+00:00
incrediblesugar.com,AVAILABILITY,domains.list,2026-09-27 05:47:36.423225+00:00
inviterabbits.com,AVAILABILITY,domains.list,2026-09-27 05:47:36.677555+00:00
insnw.ne,AVAILABILITY,domains.list,2026-09-27 05:47:37.786165+00:00
jewelcheese.com,AVAILABILITY,domains.list,2026-09-27 05:47:37.963421+00:00
karisimbi.net,AVAILABILITY,domains.list,2026-09-27 05:47:38.176301+00:00
jikenick12and67.com,AVAILABILITY,domains.list,2026-09-27 05:47:38.355691+00:00
lopsidedspoon.com,AVAILABILITY,domains.list,2026-09-27 05:47:38.571156+00:00
matchcows.com,AVAILABILITY,domains.list,2026-09-27 05:47:38.816989+00:00
practicetoothpaste.com,AVAILABILITY,domains.list,2026-09-27 05:47:39.019885+00:00
rules.noadblock.org,AVAILABILITY,domains.list,2026-09-27 05:47:39.427775+00:00
adserver.lasiciliaweb.it,AVAILABILITY,domains.list,2026-09-27 05:47:40.053586+00:00
reports.crashlytics.com,AVAILABILITY,domains.list,2026-09-27 05:47:40.198049+00:00
ritzysponge.com,AVAILABILITY,domains.list,2026-09-27 05:47:40.422050+00:00
public.vilynx.com,AVAILABILITY,domains.list,2026-09-27 05:47:40.794756+00:00
shelterstraw.com,AVAILABILITY,domains.list,2026-09-27 05:47:41.014833+00:00
shallowschool.com,AVAILABILITY,domains.list,2026-09-27 05:47:41.325364+00:00
shockingswing.com,AVAILABILITY,domains.list,2026-09-27 05:47:41.521685+00:00
sinceresofa.com,AVAILABILITY,domains.list,2026-09-27 05:47:41.722648+00:00
sincerespy.com,AVAILABILITY,domains.list,2026-09-27 05:47:42.038282+00:00
snakesort.com,AVAILABILITY,domains.list,2026-09-27 05:47:42.208774+00:00
sneaklevel.com,AVAILABILITY,domains.list,2026-09-27 05:47:42.401424+00:00
spectacularsnail.com,AVAILABILITY,domains.list,2026-09-27 05:47:42.575622+00:00
squeamishscarecrow.com,AVAILABILITY,domains.list,2026-09-27 05:47:42.872833+00:00
spottysense.com,AVAILABILITY,domains.list,2026-09-27 05:47:43.044515+00:00
static-assets-queue-it.net,AVAILABILITY,domains.list,2026-09-27 05:47:43.379284+00:00
structuresofa.com,AVAILABILITY,domains.list,2026-09-27 05:47:43.623572+00:00
superficialsink.com,AVAILABILITY,domains.list,2026-09-27 05:47:43.956872+00:00
cydia.saurik.com.cdngc.net,AVAILABILITY,domains.list,2026-09-27 05:47:44.344971+00:00
adbigline.network,AVAILABILITY,domains.list,2026-09-27 05:47:45.051612+00:00
ads.baotainguyenmoitruong.vn,AVAILABILITY,domains.list,2026-09-27 05:47:46.942183+00:00
bibugal.network,AVAILABILITY,domains.list,2026-09-27 05:47:48.053745+00:00
coinhiveproxy.com,AVAILABILITY,domains.list,2026-09-27 05:47:48.232348+00:00
exclusive-vouchers.com,AVAILABILITY,domains.list,2026-09-27 05:47:48.463058+00:00
galikos.com,AVAILABILITY,domains.list,2026-09-27 05:47:48.634243+00:00
groceriesgiftcards.com,AVAILABILITY,domains.list,2026-09-27 05:47:48.846537+00:00
line2lime.com,AVAILABILITY,domains.list,2026-09-27 05:47:48.991491+00:00
reticulumlyn.com,AVAILABILITY,domains.list,2026-09-27 05:47:49.208928+00:00
shortyz.co,AVAILABILITY,domains.list,2026-09-27 05:47:49.408104+00:00
topwindstar.com,AVAILABILITY,domains.list,2026-09-27 05:47:49.626581+00:00
tucanastar.com,AVAILABILITY,domains.list,2026-09-27 05:47:49.858688+00:00
wetral.com,AVAILABILITY,domains.list,2026-09-27 05:47:50.032888+00:00
hb.nexage.com,AVAILABILITY,domains.list,2026-09-27 05:48:09.103346+00:00
pub.naiz.eus,AVAILABILITY,domains.list,2026-09-27 05:48:10.312474+00:00
adiode.com,AVAILABILITY,domains.list,2026-09-27 05:48:10.511002+00:00
www.adiode.com,AVAILABILITY,domains.list,2026-09-27 05:48:10.747040+00:00
www.pivata.net,AVAILABILITY,domains.list,2026-09-27 05:48:10.934878+00:00
platform.cloud-iq.com.au,AVAILABILITY,domains.list,2026-09-27 05:48:11.561415+00:00
www.vungle.com,AVAILABILITY,domains.list,2026-09-27 05:48:12.525409+00:00
psa.carambo.la,AVAILABILITY,domains.list,2026-09-27 05:48:12.742736+00:00
teschenite.com,AVAILABILITY,domains.list,2026-09-27 05:48:12.995525+00:00
tracedesire.com,AVAILABILITY,domains.list,2026-09-27 05:48:13.169059+00:00
adserver.greeners.co,AVAILABILITY,domains.list,2026-09-27 05:48:13.474727+00:00
adv2.grupopreferente.com,AVAILABILITY,domains.list,2026-09-27 05:48:14.373626+00:00
revive.saechsische-schweiz.de,AVAILABILITY,domains.list,2026-09-27 05:48:18.378972+00:00
truthfulturn.com,AVAILABILITY,domains.list,2026-09-27 05:48:18.530196+00:00
www.2znp09oa.com,AVAILABILITY,domains.list,2026-09-27 05:48:19.218425+00:00
www.4jnzhl0d0.com,AVAILABILITY,domains.list,2026-09-27 05:48:19.751998+00:00
www.82o9v830.com,AVAILABILITY,domains.list,2026-09-27 05:48:20.265079+00:00
www.aboardlevel.com,AVAILABILITY,domains.list,2026-09-27 05:48:20.613562+00:00
www.actuallysheep.com,AVAILABILITY,domains.list,2026-09-27 05:48:20.961482+00:00
www.acridtwist.com,AVAILABILITY,domains.list,2026-09-27 05:48:21.473642+00:00
www.agreeableprice.com,AVAILABILITY,domains.list,2026-09-27 05:48:21.743791+00:00
www.afraidlanguage.com,AVAILABILITY,domains.list,2026-09-27 05:48:22.138585+00:00
ads.eltemps.cat,AVAILABILITY,domains.list,2026-09-27 05:48:23.763387+00:00
www.agreeabletouch.com,AVAILABILITY,domains.list,2026-09-27 05:48:24.169976+00:00
www.ak0gsh40.com,AVAILABILITY,domains.list,2026-09-27 05:48:24.523686+00:00
www.aloseks.org,AVAILABILITY,domains.list,2026-09-27 05:48:24.914440+00:00
www.anxiousapples.com,AVAILABILITY,domains.list,2026-09-27 05:48:25.354832+00:00
www.archswimming.com,AVAILABILITY,domains.list,2026-09-27 05:48:25.631522+00:00
www.attractivecap.com,AVAILABILITY,domains.list,2026-09-27 05:48:25.979934+00:00
www.awzbijw.com,AVAILABILITY,domains.list,2026-09-27 05:48:26.230811+00:00
www.baskettexture.com,AVAILABILITY,domains.list,2026-09-27 05:48:26.930686+00:00
www.bestboundary.com,AVAILABILITY,domains.list,2026-09-27 05:48:27.233549+00:00
www.bhcumsc.com,AVAILABILITY,domains.list,2026-09-27 05:48:27.607636+00:00
www.bewilderedblade.com,AVAILABILITY,domains.list,2026-09-27 05:48:27.789614+00:00
www.billowybead.com,AVAILABILITY,domains.list,2026-09-27 05:48:28.082527+00:00
www.blushingbeast.com,AVAILABILITY,domains.list,2026-09-27 05:48:28.399930+00:00
statgw2.devtodev.com,AVAILABILITY,domains.list,2026-09-27 05:48:28.602122+00:00
adserver.nearby.cz,AVAILABILITY,domains.list,2026-09-27 05:48:29.182658+00:00
adserv.emh.ch,AVAILABILITY,domains.list,2026-09-27 05:48:41.283409+00:00
www3.convergenciadigital.com.br,AVAILABILITY,domains.list,2026-09-27 05:48:41.933970+00:00
ads.shasha.ps,AVAILABILITY,domains.list,2026-09-27 05:48:42.283740+00:00
leadz01.isn.nl,AVAILABILITY,domains.list,2026-09-27 05:48:43.136547+00:00
www.boilingbeetle.com,AVAILABILITY,domains.list,2026-09-27 05:48:43.660269+00:00
www.brassrule.com,AVAILABILITY,domains.list,2026-09-27 05:48:43.901309+00:00
www.boredcrown.com,AVAILABILITY,domains.list,2026-09-27 05:48:44.474869+00:00
www.breakfastboat.com,AVAILABILITY,domains.list,2026-09-27 05:48:44.912538+00:00
www.broadcastbed.com,AVAILABILITY,domains.list,2026-09-27 05:48:45.328805+00:00
www.bulbbait.com,AVAILABILITY,domains.list,2026-09-27 05:48:45.570224+00:00
www.calculatingcircle.com,AVAILABILITY,domains.list,2026-09-27 05:48:45.961654+00:00
www.butterburst.com,AVAILABILITY,domains.list,2026-09-27 05:48:46.344495+00:00
www.cameforcameand33212.com,AVAILABILITY,domains.list,2026-09-27 05:48:46.506660+00:00
www.callousbrake.com,AVAILABILITY,domains.list,2026-09-27 05:48:46.928663+00:00
www.calmcactus.com,AVAILABILITY,domains.list,2026-09-27 05:48:47.362590+00:00
www.chairscrack.com,AVAILABILITY,domains.list,2026-09-27 05:48:47.919254+00:00
www.cautiouscredit.com,AVAILABILITY,domains.list,2026-09-27 05:48:48.161559+00:00
www.channelcamp.com,AVAILABILITY,domains.list,2026-09-27 05:48:48.563045+00:00
www.cherrythread.com,AVAILABILITY,domains.list,2026-09-27 05:48:48.796280+00:00
www.chesscolor.com,AVAILABILITY,domains.list,2026-09-27 05:48:49.436483+00:00
www.chinchickens.com,AVAILABILITY,domains.list,2026-09-27 05:48:49.662489+00:00
www.chunkycactus.com,AVAILABILITY,domains.list,2026-09-27 05:48:50.129578+00:00
www.comfortablecheese.com,AVAILABILITY,domains.list,2026-09-27 05:48:50.370062+00:00
www.consciouscabbage.com,AVAILABILITY,domains.list,2026-09-27 05:48:50.630779+00:00
www.copyrightaccesscontrols.com,AVAILABILITY,domains.list,2026-09-27 05:48:51.142110+00:00
www.copycarpenter.com,AVAILABILITY,domains.list,2026-09-27 05:48:51.634566+00:00
www.crabbychin.com,AVAILABILITY,domains.list,2026-09-27 05:49:03.801630+00:00
yt.moatads.com,AVAILABILITY,domains.list,2026-09-27 05:49:04.076545+00:00
ads.elperiodic.ad,AVAILABILITY,domains.list,2026-09-27 05:49:05.613801+00:00
www.critictruck.com,AVAILABILITY,domains.list,2026-09-27 05:49:11.006769+00:00
www.cubchannel.com,AVAILABILITY,domains.list,2026-09-27 05:49:11.308612+00:00
www.curtaincows.com,AVAILABILITY,domains.list,2026-09-27 05:49:11.730149+00:00
www.d16s8pqtk4uodx.cloudfront.net,AVAILABILITY,domains.list,2026-09-27 05:49:12.130535+00:00
adserver.maispb.com.br,AVAILABILITY,domains.list,2026-09-27 05:49:12.639314+00:00
euw.adserver.snapads.com,AVAILABILITY,domains.list,2026-09-27 05:49:13.098360+00:00
jita.rtk.io,AVAILABILITY,domains.list,2026-09-27 05:49:13.398756+00:00
sync.rtk.io,AVAILABILITY,domains.list,2026-09-27 05:49:13.538927+00:00
thor.rtk.io,AVAILABILITY,domains.list,2026-09-27 05:49:13.685837+00:00
www.d3hmp0045zy3cs.cloudfront.net,AVAILABILITY,domains.list,2026-09-27 05:49:14.237398+00:00
www.d20i5e3rqc90ne.cloudfront.net,AVAILABILITY,domains.list,2026-09-27 05:49:14.633574+00:00
www.d29usylhdk1xyu.cloudfront.net,AVAILABILITY,domains.list,2026-09-27 05:49:15.013690+00:00
www.damdoor.com,AVAILABILITY,domains.list,2026-09-27 05:49:15.513674+00:00
www.d35fgcharv2shj.cloudfront.net,AVAILABILITY,domains.list,2026-09-27 05:49:15.948810+00:00
www.decidedrum.com,AVAILABILITY,domains.list,2026-09-27 05:49:33.614520+00:00
www.decisivedrawer.com,AVAILABILITY,domains.list,2026-09-27 05:49:34.174110+00:00
www.detailedgovernment.com,AVAILABILITY,domains.list,2026-09-27 05:49:38.094423+00:00
www.detectdinner.com,AVAILABILITY,domains.list,2026-09-27 05:49:49.287823+00:00
www.detectdiscovery.com,AVAILABILITY,domains.list,2026-09-27 05:49:55.834668+00:00
www.discreetfield.com,AVAILABILITY,domains.list,2026-09-27 05:49:56.167901+00:00
www.docj27ko03fnu.cloudfront.net,AVAILABILITY,domains.list,2026-09-27 05:49:56.363147+00:00
www.dolphindispute.com,AVAILABILITY,domains.list,2026-09-27 05:49:57.675991+00:00
www.dq95d35.com,AVAILABILITY,domains.list,2026-09-27 05:50:56.176204+00:00
www.elasticchange.com,AVAILABILITY,domains.list,2026-09-27 05:50:56.520010+00:00
www.eliminateeffect.com,AVAILABILITY,domains.list,2026-09-27 05:50:56.766116+00:00
www.elderlytown.com,AVAILABILITY,domains.list,2026-09-27 05:50:57.019347+00:00
www.errortablet.com,AVAILABILITY,domains.list,2026-09-27 05:50:57.279420+00:00
www.enviousthread.com,AVAILABILITY,domains.list,2026-09-27 05:50:57.700210+00:00
www.evanescentedge.com,AVAILABILITY,domains.list,2026-09-27 05:50:58.108528+00:00
www.familiarfloor.com,AVAILABILITY,domains.list,2026-09-27 05:50:58.356974+00:00
www.farethief.com,AVAILABILITY,domains.list,2026-09-27 05:50:58.784599+00:00
www.farmergoldfish.com,AVAILABILITY,domains.list,2026-09-27 05:50:59.335300+00:00
www.faultycanvas.com,AVAILABILITY,domains.list,2026-09-27 05:50:59.621561+00:00
www.finalizeforce.com,AVAILABILITY,domains.list,2026-09-27 05:51:00.009076+00:00
www.flavordecision.com,AVAILABILITY,domains.list,2026-09-27 05:51:00.259006+00:00
www.flakyfeast.com,AVAILABILITY,domains.list,2026-09-27 05:51:00.507678+00:00
www.flimsycircle.com,AVAILABILITY,domains.list,2026-09-27 05:51:01.189250+00:00
www.foamybox.com,AVAILABILITY,domains.list,2026-09-27 05:51:01.437042+00:00
www.floweryoperation.com,AVAILABILITY,domains.list,2026-09-27 05:51:02.261584+00:00
www.floodprincipal.com,AVAILABILITY,domains.list,2026-09-27 05:51:02.512942+00:00
ba1.groupgti.com,AVAILABILITY,domains.list,2026-09-27 05:51:02.752139+00:00
www.futuristicfifth.com,AVAILABILITY,domains.list,2026-09-27 05:51:03.159974+00:00
www.gammamaximum.com,AVAILABILITY,domains.list,2026-09-27 05:51:03.548401+00:00
www.giddycoat.com,AVAILABILITY,domains.list,2026-09-27 05:51:04.086410+00:00
www.functionalcrown.com,AVAILABILITY,domains.list,2026-09-27 05:51:04.785061+00:00
www.giraffepiano.com,AVAILABILITY,domains.list,2026-09-27 05:51:05.327132+00:00
www.gloriousbeef.com,AVAILABILITY,domains.list,2026-09-27 05:51:05.877272+00:00
www.gondolagnome.com,AVAILABILITY,domains.list,2026-09-27 05:51:06.316649+00:00
www.googlesyndication.com,AVAILABILITY,domains.list,2026-09-27 05:51:06.577500+00:00
www.greasysquare.com,AVAILABILITY,domains.list,2026-09-27 05:51:07.451734+00:00
www.guardedgovernor.com,AVAILABILITY,domains.list,2026-09-27 05:51:07.731392+00:00
www.guitarbelieve.com,AVAILABILITY,domains.list,2026-09-27 05:51:07.961243+00:00
www.guardedschool.com,AVAILABILITY,domains.list,2026-09-27 05:51:08.507733+00:00
www.handleteeth.com,AVAILABILITY,domains.list,2026-09-27 05:51:08.904658+00:00
www.heavyplayground.com,AVAILABILITY,domains.list,2026-09-27 05:51:09.157716+00:00
www.hfc195b.com,AVAILABILITY,domains.list,2026-09-27 05:51:09.597396+00:00
www.highfalutinbox.com,AVAILABILITY,domains.list,2026-09-27 05:51:10.064044+00:00
www.hilariouszinc.com,AVAILABILITY,domains.list,2026-09-27 05:51:10.462838+00:00
www.homelycrown.com,AVAILABILITY,domains.list,2026-09-27 05:51:10.700209+00:00
www.illustriousoatmeal.com,AVAILABILITY,domains.list,2026-09-27 05:51:10.953237+00:00
www.incrediblesugar.com,AVAILABILITY,domains.list,2026-09-27 05:51:11.198858+00:00
www.inquisitiveinvention.com,AVAILABILITY,domains.list,2026-09-27 05:51:11.451679+00:00
www.insnw.ne,AVAILABILITY,domains.list,2026-09-27 05:51:13.873836+00:00
www.instartlogic.com,AVAILABILITY,domains.list,2026-09-27 05:51:14.175910+00:00
www.internalsink.com,AVAILABILITY,domains.list,2026-09-27 05:51:14.707400+00:00
www.invisioncloudstats.com,AVAILABILITY,domains.list,2026-09-27 05:51:15.020254+00:00
www.inviterabbits.com,AVAILABILITY,domains.list,2026-09-27 05:51:15.262499+00:00
www.ivykiosk.com,AVAILABILITY,domains.list,2026-09-27 05:51:15.800822+00:00
www.j93557g.com,AVAILABILITY,domains.list,2026-09-27 05:51:16.044998+00:00
www.jewelcheese.com,AVAILABILITY,domains.list,2026-09-27 05:51:16.369563+00:00
www.jikenick12and67.com,AVAILABILITY,domains.list,2026-09-27 05:51:16.626290+00:00
www.justicejudo.com,AVAILABILITY,domains.list,2026-09-27 05:51:17.195965+00:00
www.karisimbi.net,AVAILABILITY,domains.list,2026-09-27 05:51:17.459739+00:00
www.knifeoctopus.com,AVAILABILITY,domains.list,2026-09-27 05:51:17.714073+00:00
www.leaplunchroom.com,AVAILABILITY,domains.list,2026-09-27 05:51:18.335278+00:00
www.livelumber.com,AVAILABILITY,domains.list,2026-09-27 05:51:18.733812+00:00
www.lizardslaugh.com,AVAILABILITY,domains.list,2026-09-27 05:51:19.138659+00:00
www.lopsidedspoon.com,AVAILABILITY,domains.list,2026-09-27 05:51:19.394969+00:00
www.matchcows.com,AVAILABILITY,domains.list,2026-09-27 05:51:19.728950+00:00
www.memorizeneck.com,AVAILABILITY,domains.list,2026-09-27 05:51:20.467015+00:00
www.mimosamajor.com,AVAILABILITY,domains.list,2026-09-27 05:51:20.886919+00:00
www.neighborlywatch.com,AVAILABILITY,domains.list,2026-09-27 05:51:21.177491+00:00
www.nervoussummer.com,AVAILABILITY,domains.list,2026-09-27 05:51:21.426996+00:00
www.niftyhospital.com,AVAILABILITY,domains.list,2026-09-27 05:51:21.964316+00:00
www.niftyjelly.com,AVAILABILITY,domains.list,2026-09-27 05:51:22.240343+00:00
www.noiselessplough.com,AVAILABILITY,domains.list,2026-09-27 05:51:22.646285+00:00
www.nondescriptcrowd.com,AVAILABILITY,domains.list,2026-09-27 05:51:23.143307+00:00
www.nondescriptstocking.com,AVAILABILITY,domains.list,2026-09-27 05:51:23.450659+00:00
www.nostalgicknot.com,AVAILABILITY,domains.list,2026-09-27 05:51:23.732276+00:00
www.nullnorth.com,AVAILABILITY,domains.list,2026-09-27 05:51:24.276245+00:00
www.optimallimit.com,AVAILABILITY,domains.list,2026-09-27 05:51:24.808976+00:00
www.owlsr.us,AVAILABILITY,domains.list,2026-09-27 05:51:25.116876+00:00
www.paleleaf.com,AVAILABILITY,domains.list,2026-09-27 05:51:25.692199+00:00
www.parsimoniouspolice.com,AVAILABILITY,domains.list,2026-09-27 05:51:26.102277+00:00
www.partplanes.com,AVAILABILITY,domains.list,2026-09-27 05:51:26.555658+00:00
www.pizzasnut.com,AVAILABILITY,domains.list,2026-09-27 05:51:26.796153+00:00
www.practicetoothpaste.com,AVAILABILITY,domains.list,2026-09-27 05:51:27.050890+00:00
www.possibleboats.com,AVAILABILITY,domains.list,2026-09-27 05:51:27.765490+00:00
www.previousplayground.com,AVAILABILITY,domains.list,2026-09-27 05:51:28.338740+00:00
www.profitrumour.com,AVAILABILITY,domains.list,2026-09-27 05:51:28.622116+00:00
www.puffyloss.com,AVAILABILITY,domains.list,2026-09-27 05:51:28.930530+00:00
www.puffypurpose.com,AVAILABILITY,domains.list,2026-09-27 05:51:29.616362+00:00
www.puzzlingfall.com,AVAILABILITY,domains.list,2026-09-27 05:51:29.915415+00:00
www.presetrabbits.com,AVAILABILITY,domains.list,2026-09-27 05:51:30.677047+00:00
www.quizzicalzephyr.com,AVAILABILITY,domains.list,2026-09-27 05:51:31.095438+00:00
www.rainyhand.com,AVAILABILITY,domains.list,2026-09-27 05:51:31.533968+00:00
www.raresummer.com,AVAILABILITY,domains.list,2026-09-27 05:51:32.070019+00:00
www.readingguilt.com,AVAILABILITY,domains.list,2026-09-27 05:51:32.756578+00:00
www.readymoon.com,AVAILABILITY,domains.list,2026-09-27 05:51:33.163586+00:00
www.realizerecess.com,AVAILABILITY,domains.list,2026-09-27 05:51:33.856322+00:00
www.receptivereaction.com,AVAILABILITY,domains.list,2026-09-27 05:51:34.272725+00:00
www.repeatsweater.com,AVAILABILITY,domains.list,2026-09-27 05:51:34.574234+00:00
www.resonantrock.com,AVAILABILITY,domains.list,2026-09-27 05:51:35.144676+00:00
www.resonantbrush.com,AVAILABILITY,domains.list,2026-09-27 05:51:35.540224+00:00
www.respectrain.com,AVAILABILITY,domains.list,2026-09-27 05:51:35.995228+00:00
www.rhetoricalloss.com,AVAILABILITY,domains.list,2026-09-27 05:51:36.412845+00:00
www.richstring.com,AVAILABILITY,domains.list,2026-09-27 05:51:36.663585+00:00
www.ringsrecord.com,AVAILABILITY,domains.list,2026-09-27 05:51:37.207589+00:00
www.ritzysponge.com,AVAILABILITY,domains.list,2026-09-27 05:51:37.440277+00:00
www.rhymezebra.com,AVAILABILITY,domains.list,2026-09-27 05:51:37.829954+00:00
www.scarcesign.com,AVAILABILITY,domains.list,2026-09-27 05:51:38.099520+00:00
www.scientificshirt.com,AVAILABILITY,domains.list,2026-09-27 05:51:38.525613+00:00
www.screechingfurniture.com,AVAILABILITY,domains.list,2026-09-27 05:51:38.784703+00:00
www.scratchsofa.com,AVAILABILITY,domains.list,2026-09-27 05:51:39.054647+00:00
www.scrubswim.com,AVAILABILITY,domains.list,2026-09-27 05:51:39.399280+00:00
www.selectivesummer.com,AVAILABILITY,domains.list,2026-09-27 05:51:39.836640+00:00
www.shallowschool.com,AVAILABILITY,domains.list,2026-09-27 05:51:40.086648+00:00
www.shelterstraw.com,AVAILABILITY,domains.list,2026-09-27 05:51:40.340112+00:00
www.shockinggrass.com,AVAILABILITY,domains.list,2026-09-27 05:51:40.744548+00:00
www.shockingswing.com,AVAILABILITY,domains.list,2026-09-27 05:51:40.999305+00:00
www.shockingship.com,AVAILABILITY,domains.list,2026-09-27 05:51:41.685735+00:00
www.sicksmash.com,AVAILABILITY,domains.list,2026-09-27 05:51:41.967542+00:00
www.sillyscrew.com,AVAILABILITY,domains.list,2026-09-27 05:51:42.672230+00:00
www.sinceresofa.com,AVAILABILITY,domains.list,2026-09-27 05:51:42.914737+00:00
www.sincerebuffalo.com,AVAILABILITY,domains.list,2026-09-27 05:51:43.342324+00:00
www.sincerespy.com,AVAILABILITY,domains.list,2026-09-27 05:51:43.592277+00:00
www.slaysweater.com,AVAILABILITY,domains.list,2026-09-27 05:51:43.894063+00:00
www.snakesort.com,AVAILABILITY,domains.list,2026-09-27 05:51:44.162478+00:00
www.sneaklevel.com,AVAILABILITY,domains.list,2026-09-27 05:51:44.437111+00:00
www.sombersea.com,AVAILABILITY,domains.list,2026-09-27 05:51:44.852529+00:00
www.similarsabine.com,AVAILABILITY,domains.list,2026-09-27 05:51:45.109212+00:00
www.spectacularsnail.com,AVAILABILITY,domains.list,2026-09-27 05:51:45.355902+00:00
www.spiffymachine.com,AVAILABILITY,domains.list,2026-09-27 05:51:45.593522+00:00
www.spirebaboon.com,AVAILABILITY,domains.list,2026-09-27 05:51:46.128610+00:00
www.spuriousstranger.com,AVAILABILITY,domains.list,2026-09-27 05:51:46.692614+00:00
www.squeakzinc.com,AVAILABILITY,domains.list,2026-09-27 05:51:46.973253+00:00
www.squeamishscarecrow.com,AVAILABILITY,domains.list,2026-09-27 05:51:47.205622+00:00
www.spottysense.com,AVAILABILITY,domains.list,2026-09-27 05:51:47.463146+00:00
www.webkamery-krkonose.cz,AVAILABILITY,domains.list,2026-09-27 05:51:51.137047+00:00
pingback.issuu.com,AVAILABILITY,domains.list,2026-09-27 05:51:51.411616+00:00
serve.bannertrack.net,AVAILABILITY,domains.list,2026-09-27 05:51:51.654819+00:00
yasni.bannertrack.net,AVAILABILITY,domains.list,2026-09-27 05:51:51.886775+00:00
